{"name":"cd4dbc95-1a51-41a6-a24f-75ee83a579a7","id":"/providers/Microsoft.Flow/flows/cd4dbc95-1a51-41a6-a24f-75ee83a579a7","type":"Microsoft.Flow/flows","properties":{"apiId":"/providers/Microsoft.PowerApps/apis/shared_logicflows","displayName":"Weekly Task to Spreadsheet","definition":{"metadata":{"workflowEntityId":null,"processAdvisorMetadata":null,"flowChargedByPaygo":null,"flowclientsuspensionreason":"None","flowclientsuspensiontime":null,"flowclientsuspensionreasondetails":null,"creator":{"id":"dc587589-4d07-4594-a939-98c484a0dbb8","type":"User","tenantId":"91956b69-c677-4a9b-ba8d-2f404b6d2c6e"},"provisioningMethod":"FromDefinition","failureAlertSubscription":true,"clientLastModifiedTime":"2023-08-08T18:45:17.6147056Z"},"$schema":"https://schema.management.azure.com/providers/Microsoft.Logic/schemas/2016-06-01/workflowdefinition.json#","contentVersion":"1.0.0.0","parameters":{"$connections":{"defaultValue":{},"type":"Object"},"$authentication":{"defaultValue":{},"type":"SecureObject"}},"triggers":{"When_a_new_response_is_submitted":{"splitOn":"@triggerOutputs()?['body/value']","metadata":{"operationMetadataId":"1622e911-b3bd-4692-8020-ca02c31e0e2b"},"type":"OpenApiConnectionWebhook","inputs":{"host":{"apiId":"/providers/Microsoft.PowerApps/apis/shared_microsoftforms","connectionName":"shared_microsoftforms","operationId":"CreateFormWebhook"},"parameters":{"form_id":"aWuVkXfGm0q6jS9AS20sbssKu8jvwstBoepEyHMdT_5UQlFWOUkxVFY3T1ZGNkpSRFFEUFRBRUxUQSQlQCN0PWcu"},"authentication":"@parameters('$authentication')"}}},"actions":{"Get_response_details":{"runAfter":{},"metadata":{"operationMetadataId":"dc6356e6-7298-4426-a9b5-2ec1df6f5aa6"},"type":"OpenApiConnection","inputs":{"host":{"apiId":"/providers/Microsoft.PowerApps/apis/shared_microsoftforms","connectionName":"shared_microsoftforms","operationId":"GetFormResponseById"},"parameters":{"form_id":"aWuVkXfGm0q6jS9AS20sbssKu8jvwstBoepEyHMdT_5UQlFWOUkxVFY3T1ZGNkpSRFFEUFRBRUxUQSQlQCN0PWcu","response_id":"@triggerOutputs()?['body/resourceData/responseId']"},"authentication":"@parameters('$authentication')"}},"Get_user_profile_(V2)":{"runAfter":{"Get_response_details":["Succeeded"]},"metadata":{"operationMetadataId":"d137a8fb-bf96-4be9-8297-c3b32cedcdcb"},"type":"OpenApiConnection","inputs":{"host":{"apiId":"/providers/Microsoft.PowerApps/apis/shared_office365users","connectionName":"shared_office365users","operationId":"UserProfile_V2"},"parameters":{"id":"@outputs('Get_response_details')?['body/responder']"},"authentication":"@parameters('$authentication')"}},"Convert_time_zone":{"runAfter":{"Screenshot_Link":["Succeeded"]},"metadata":{"operationMetadataId":"be40af49-d709-40a3-8015-90f12f0f790c"},"type":"Expression","kind":"ConvertTimeZone","inputs":{"baseTime":"@outputs('Get_response_details')?['body/submitDate']","formatString":"g","sourceTimeZone":"UTC","destinationTimeZone":"GMT Standard Time"}},"Get_manager_(V2)":{"runAfter":{"Get_user_profile_(V2)":["Succeeded"]},"metadata":{"operationMetadataId":"e06b0cad-a19e-4b31-8cc4-4ffc5bda3080"},"type":"OpenApiConnection","inputs":{"host":{"apiId":"/providers/Microsoft.PowerApps/apis/shared_office365users","connectionName":"shared_office365users","operationId":"Manager_V2"},"parameters":{"id":"@outputs('Get_user_profile_(V2)')?['body/userPrincipalName']"},"authentication":"@parameters('$authentication')"}},"Team_checks_into_a_table":{"runAfter":{"Add_initial_details_into_a_table":["Succeeded"]},"metadata":{"01XX4MX7S3C34R5NWQ4RBLTAN2CHFRYNCQ":"/General/17. Team Checks/Weekly/Weekly Checks.xlsx","operationMetadataId":"65f05d5d-aab5-4a47-9a8a-601adecd0e3f","tableId":"{22C5BBB9-007C-41A9-ACF0-48E874783E40}"},"type":"OpenApiConnection","inputs":{"host":{"apiId":"/providers/Microsoft.PowerApps/apis/shared_excelonlinebusiness","connectionName":"shared_excelonlinebusiness","operationId":"AddRowV2"},"parameters":{"source":"sites/sharedservicearvato.sharepoint.com,d7240416-51c7-479d-a4d6-ca03be005963,16e0b0f4-fe54-456d-9799-6ab6f4ab5fd0","drive":"b!FgQk18dRnUek1soDvgBZY_Sw4BZU_m1Fl5lqtvSrX9A3ptWWsB0OTbAHBW5a72wd","file":"01XX4MX7S3C34R5NWQ4RBLTAN2CHFRYNCQ","table":"{22C5BBB9-007C-41A9-ACF0-48E874783E40}","item/AD Review":"@outputs('Get_response_details')?['body/r7055c36e78504b09a5e440f0c7877cab']","item/Build Lab":"@outputs('Get_response_details')?['body/rabafd849c24840be8a985aaa2ec484f3']","item/Meeting Rooms":"@outputs('Get_response_details')?['body/r93f73c38c1a042bbb779ccecb23a2c7e']","item/Notes":"@outputs('Get_response_details')?['body/ra80a15d01ad3492c98026969acd4af81']"},"authentication":"@parameters('$authentication')"}},"MCA_Starters_into_a_table":{"runAfter":{"Team_checks_into_a_table":["Succeeded"]},"metadata":{"01XX4MX7S3C34R5NWQ4RBLTAN2CHFRYNCQ":"/General/17. Team Checks/Weekly/Weekly Checks.xlsx","operationMetadataId":"3b118922-dec1-4cb0-8d7d-9aa13897e698","tableId":"{7C353611-9494-43B3-9255-E86EEB411A87}"},"type":"OpenApiConnection","inputs":{"host":{"apiId":"/providers/Microsoft.PowerApps/apis/shared_excelonlinebusiness","connectionName":"shared_excelonlinebusiness","operationId":"AddRowV2"},"parameters":{"source":"sites/sharedservicearvato.sharepoint.com,d7240416-51c7-479d-a4d6-ca03be005963,16e0b0f4-fe54-456d-9799-6ab6f4ab5fd0","drive":"b!FgQk18dRnUek1soDvgBZY_Sw4BZU_m1Fl5lqtvSrX9A3ptWWsB0OTbAHBW5a72wd","file":"01XX4MX7S3C34R5NWQ4RBLTAN2CHFRYNCQ","table":"{7C353611-9494-43B3-9255-E86EEB411A87}","item/MCA NP AD":"@outputs('Get_response_details')?['body/rd1093b49f4624f1cb64ca4ab1014f3bd']","item/MCA NP IDG":"@outputs('Get_response_details')?['body/r3954f4412e284dc596551b7de690addb']","item/MCA P AD":"@outputs('Get_response_details')?['body/r6d98a311a20245f5b41a1c5b80df7020']","item/MCA P IDG":"@outputs('Get_response_details')?['body/rb0d3f9ece01341329e0d727b8f32469f']","item/Screens":"@variables('ScreenShotLink')","item/Notes":"@outputs('Get_response_details')?['body/r702b6f2156dc4586b17e5da85f734ada']"},"authentication":"@parameters('$authentication')"}},"MCA_Leavers_into_a_table":{"runAfter":{"MCA_Starters_into_a_table":["Succeeded"]},"metadata":{"01XX4MX7S3C34R5NWQ4RBLTAN2CHFRYNCQ":"/General/17. Team Checks/Weekly/Weekly Checks.xlsx","operationMetadataId":"cdc16297-fa6e-4046-8d3d-4025e098ca8c","tableId":"{58EDCE8E-F740-4611-9BCC-EC6A405C0176}"},"type":"OpenApiConnection","inputs":{"host":{"apiId":"/providers/Microsoft.PowerApps/apis/shared_excelonlinebusiness","connectionName":"shared_excelonlinebusiness","operationId":"AddRowV2"},"parameters":{"source":"sites/sharedservicearvato.sharepoint.com,d7240416-51c7-479d-a4d6-ca03be005963,16e0b0f4-fe54-456d-9799-6ab6f4ab5fd0","drive":"b!FgQk18dRnUek1soDvgBZY_Sw4BZU_m1Fl5lqtvSrX9A3ptWWsB0OTbAHBW5a72wd","file":"01XX4MX7S3C34R5NWQ4RBLTAN2CHFRYNCQ","table":"{58EDCE8E-F740-4611-9BCC-EC6A405C0176}","item/MCA Leavers NP AD":"@outputs('Get_response_details')?['body/r2d904f5d9fc04451bc109dc6643b5a66']","item/MCA Leavers P AD":"@outputs('Get_response_details')?['body/r0df0cb316f674ac6a6eab4caab3ed1db']","item/Screens":"@variables('ScreenShotLink')","item/Notes":"@outputs('Get_response_details')?['body/r2ceb111773c641fbb299c793f629f97c']"},"authentication":"@parameters('$authentication')"}},"Screenshot_Link":{"runAfter":{"Get_manager_(V2)":["Succeeded"]},"metadata":{"operationMetadataId":"ec0e9276-7d03-4668-a786-ef600689672b"},"type":"InitializeVariable","inputs":{"variables":[{"name":"ScreenShotLink","type":"string","value":"https://sharedservicearvato.sharepoint.com/:f:/s/ICTInfrastructure711/Eowh6SC_5-BDibNYAUFsxqwBPzgvfIOy9--orlWzqYTkvQ?e=UhsD7P"}]}},"Add_initial_details_into_a_table":{"runAfter":{"Convert_time_zone":["Succeeded"]},"metadata":{"01XX4MX7S3C34R5NWQ4RBLTAN2CHFRYNCQ":"/General/17. Team Checks/Weekly/Weekly Checks.xlsx","operationMetadataId":"d2f9ba73-c215-40a2-b5c2-e6fd9a22c1ae"},"type":"OpenApiConnection","inputs":{"host":{"apiId":"/providers/Microsoft.PowerApps/apis/shared_excelonlinebusiness","connectionName":"shared_excelonlinebusiness","operationId":"AddRowV2"},"parameters":{"source":"sites/sharedservicearvato.sharepoint.com,d7240416-51c7-479d-a4d6-ca03be005963,16e0b0f4-fe54-456d-9799-6ab6f4ab5fd0","drive":"b!FgQk18dRnUek1soDvgBZY_Sw4BZU_m1Fl5lqtvSrX9A3ptWWsB0OTbAHBW5a72wd","file":"01XX4MX7S3C34R5NWQ4RBLTAN2CHFRYNCQ","table":"{2F8EA63F-A114-496F-9561-50644A6BC3C5}","dateTimeFormat":"ISO 8601","item/Date":"@body('Convert_time_zone')","item/Engineer":"@outputs('Get_user_profile_(V2)')?['body/displayName']","item/Manager":"@outputs('Get_manager_(V2)')?['body/displayName']"},"authentication":"@parameters('$authentication')"}}}},"connectionReferences":{"shared_microsoftforms":{"connectionName":"shared-microsoftform-f1f67fd9-8c8f-4f01-af2c-37fa3ea4cfac","source":"Embedded","id":"/providers/Microsoft.PowerApps/apis/shared_microsoftforms","tier":"NotSpecified"},"shared_office365users":{"connectionName":"shared-office365user-4e327a5e-8906-4f4f-8883-8c65d5ac4123","source":"Embedded","id":"/providers/Microsoft.PowerApps/apis/shared_office365users","tier":"NotSpecified"},"shared_excelonlinebusiness":{"connectionName":"642e0545bfee4264b61c8e3a6da978e9","source":"Embedded","id":"/providers/Microsoft.PowerApps/apis/shared_excelonlinebusiness","tier":"NotSpecified"}},"flowFailureAlertSubscribed":false,"isManaged":false}}