{"name":"6686abf1-dcfd-4eff-a57b-c082fdc3047a","id":"/providers/Microsoft.Flow/flows/6686abf1-dcfd-4eff-a57b-c082fdc3047a","type":"Microsoft.Flow/flows","properties":{"apiId":"/providers/Microsoft.PowerApps/apis/shared_logicflows","displayName":"Monthly Check Form to Task and Approval","definition":{"metadata":{"workflowEntityId":null,"processAdvisorMetadata":null,"flowChargedByPaygo":null,"flowclientsuspensionreason":"None","flowclientsuspensiontime":null,"flowclientsuspensionreasondetails":null,"creator":{"id":"dc587589-4d07-4594-a939-98c484a0dbb8","type":"User","tenantId":"91956b69-c677-4a9b-ba8d-2f404b6d2c6e"},"provisioningMethod":"FromDefinition","failureAlertSubscription":true,"clientLastModifiedTime":"2023-08-09T11:57:11.4078377Z"},"$schema":"https://schema.management.azure.com/providers/Microsoft.Logic/schemas/2016-06-01/workflowdefinition.json#","contentVersion":"1.0.0.0","parameters":{"$connections":{"defaultValue":{},"type":"Object"},"$authentication":{"defaultValue":{},"type":"SecureObject"}},"triggers":{"When_a_new_response_is_submitted":{"splitOn":"@triggerOutputs()?['body/value']","metadata":{"operationMetadataId":"c04c3e05-3ec3-4825-ac81-157521dae3e9"},"type":"OpenApiConnectionWebhook","inputs":{"host":{"apiId":"/providers/Microsoft.PowerApps/apis/shared_microsoftforms","connectionName":"shared_microsoftforms","operationId":"CreateFormWebhook"},"parameters":{"form_id":"aWuVkXfGm0q6jS9AS20sbssKu8jvwstBoepEyHMdT_5UREE2VFAwSTlWVEtIV1lNRjJRMFVGU1RENSQlQCN0PWcu"},"authentication":"@parameters('$authentication')"}}},"actions":{"Get_response_details":{"runAfter":{},"metadata":{"operationMetadataId":"ef2dbf8f-b66f-4854-8dd9-ff705ef6d957"},"type":"OpenApiConnection","inputs":{"host":{"apiId":"/providers/Microsoft.PowerApps/apis/shared_microsoftforms","connectionName":"shared_microsoftforms","operationId":"GetFormResponseById"},"parameters":{"form_id":"aWuVkXfGm0q6jS9AS20sbssKu8jvwstBoepEyHMdT_5UREE2VFAwSTlWVEtIV1lNRjJRMFVGU1RENSQlQCN0PWcu","response_id":"@triggerOutputs()?['body/resourceData/responseId']"},"authentication":"@parameters('$authentication')"}},"Post_message_in_a_chat_or_channel":{"runAfter":{"Apply_to_each":["Succeeded"]},"metadata":{"operationMetadataId":"2a420c49-6463-4d66-b0d1-06b495485491"},"type":"OpenApiConnection","inputs":{"host":{"apiId":"/providers/Microsoft.PowerApps/apis/shared_teams","connectionName":"shared_teams","operationId":"PostMessageToConversation"},"parameters":{"poster":"Flow bot","location":"Channel","body/recipient/groupId":"c8bb0acb-c2ef-41cb-a1ea-44c8731d4ffe","body/recipient/channelId":"19:0f87bf7b5e194e358f2fe18269496bcc@thread.tacv2","body/messageBody":"<p>@{outputs('Create_a_task_2')?['body/title']} - is ready for review by @{outputs('Get_manager_(V2)')?['body/displayName']}<br>\n<br>\nReview submitted by @{outputs('Get_user_profile_(V2)')?['body/givenName']} at @{formatDateTime(utcNow(),'dd/MM/yyyy')}<br>\n<br>\n----------------------------------------------<br>\n<br>\n<span style=\"font-size: 10px\"><em><strong>Automated message created by the ICT Infrastructure Bot</strong></em></span><br>\n</p>"},"authentication":"@parameters('$authentication')"}},"Search_for_users_(V2)":{"runAfter":{"Get_response_details":["Succeeded"]},"metadata":{"operationMetadataId":"9874e0e5-01e9-4615-b35f-10dfa801d0a5"},"type":"OpenApiConnection","inputs":{"host":{"apiId":"/providers/Microsoft.PowerApps/apis/shared_office365users","connectionName":"shared_office365users","operationId":"SearchUserV2"},"parameters":{"searchTerm":"@outputs('Get_response_details')?['body/responder']","isSearchTermRequired":true},"authentication":"@parameters('$authentication')"}},"Get_user_profile_(V2)":{"runAfter":{"Search_for_users_(V2)":["Succeeded"]},"metadata":{"operationMetadataId":"a2ab6efb-3313-4364-a056-ad1868cff655"},"type":"OpenApiConnection","inputs":{"host":{"apiId":"/providers/Microsoft.PowerApps/apis/shared_office365users","connectionName":"shared_office365users","operationId":"UserProfile_V2"},"parameters":{"id":"@outputs('Get_response_details')?['body/responder']"},"authentication":"@parameters('$authentication')"}},"Get_manager_(V2)":{"runAfter":{"Get_user_profile_(V2)":["Succeeded"]},"metadata":{"operationMetadataId":"bfb8f997-ce66-43e6-9db9-29a9fb9b68a1"},"type":"OpenApiConnection","inputs":{"host":{"apiId":"/providers/Microsoft.PowerApps/apis/shared_office365users","connectionName":"shared_office365users","operationId":"Manager_V2"},"parameters":{"id":"@outputs('Get_response_details')?['body/responder']"},"authentication":"@parameters('$authentication')"}},"Convert_time_zone":{"runAfter":{"Get_manager_(V2)":["Succeeded"]},"metadata":{"operationMetadataId":"622d1a5f-5b81-4322-8a1e-ba237bfcd79b"},"type":"Expression","kind":"ConvertTimeZone","inputs":{"baseTime":"@outputs('Get_response_details')?['body/submitDate']","formatString":"g","sourceTimeZone":"UTC","destinationTimeZone":"GMT Standard Time"}},"Create_a_task_2":{"runAfter":{"Convert_time_zone":["Succeeded"]},"metadata":{"operationMetadataId":"b94c4e02-b44e-472f-af91-5d5a5d515d01"},"type":"OpenApiConnection","inputs":{"host":{"apiId":"/providers/Microsoft.PowerApps/apis/shared_planner","connectionName":"shared_planner","operationId":"CreateTask_V4"},"parameters":{"body/groupId":"c8bb0acb-c2ef-41cb-a1ea-44c8731d4ffe","body/planId":"sPSvET6gAE6sDXlW2G20JJgAGnjW","body/title":"Monthly Checks Review - @{body('Convert_time_zone')}","body/bucketId":"yS61qe08nkquBfAWMkTrx5gAJmKY","body/dueDateTime":"@addDays(utcNow(),3)","body/appliedCategories/category11":true,"body/priority":4},"authentication":"@parameters('$authentication')"}},"Apply_to_each":{"foreach":"@outputs('Search_for_users_(V2)')?['body/value']","actions":{"Update_task_details":{"runAfter":{},"metadata":{"operationMetadataId":"8db506fd-a157-4542-94ea-93cc8f240cbb"},"type":"OpenApiConnection","inputs":{"host":{"apiId":"/providers/Microsoft.PowerApps/apis/shared_planner","connectionName":"shared_planner","operationId":"UpdateTaskDetails_V2"},"parameters":{"id":"@outputs('Create_a_task_2')?['body/id']","body/description":"Details of the Check\n\nCheck submitted by - @{items('Apply_to_each')?['DisplayName']} on @{body('Convert_time_zone')}\n\nTeam Checks and Tasks (On Site):\nITSM / Desk Review - @{outputs('Get_response_details')?['body/rfb75a06066a948cda597d98dd263ae4e']}\nMeeting Rooms - @{outputs('Get_response_details')?['body/r195b6a97a420444cb10a7f4fcaf47aa8']}\nNotes - @{outputs('Get_response_details')?['body/r789ea6044744461a907f406d0f9fe395']}\n\nTeam Checks and Tasks (Services):\nIntune Software upgrades - @{outputs('Get_response_details')?['body/r89e461caa26a4900af74480a570f51b5']}\nCertificate Checks - @{outputs('Get_response_details')?['body/rade4f5a9141a4341b88373f0c972765e']}\nCapacity Report - @{outputs('Get_response_details')?['body/rf91bb900c5d841b9a6bc166b9ac1d17b']}\nClear RSA Unresolvable Users - @{outputs('Get_response_details')?['body/r064b5c1de64b4a7f8fd7f9385ccb31a4']}\nMicrosoft 365 licence Count - @{outputs('Get_response_details')?['body/r6cd3670bd7d448b1923839f901db7099']}\nDomain / Application Administrator Review - @{outputs('Get_response_details')?['body/rb85cb4c19408409faeb9252774ee6b5d']}\n\nSystems and Server Patching:\nHosted Services Patching (SSAHS) - @{outputs('Get_response_details')?['body/r2676745039ec452f888bca860a9e3ef7']}\nNon-Production Patching (SSANP) - @{outputs('Get_response_details')?['body/rb4b52fe39216483c897e5b3838d4e0c8']}\nProduction Patching (SSAP) - @{outputs('Get_response_details')?['body/rf046221e847948cdb3f1be6eeaec05eb']}\nSwansea Patching (SSC) - @{outputs('Get_response_details')?['body/r50deb58abc464863977834c4cb4ce3b8']}\nAWS CS 1 (Clearswift) - @{outputs('Get_response_details')?['body/r3970fbaca5da4fc896257f5c312b4d2d']}\nAWS CS 2 (Clearswift) - @{outputs('Get_response_details')?['body/r7c3576d3295f498abaaf819717ef8055']}\nNotes - @{outputs('Get_response_details')?['body/r7518ebe8c6cd4ad3b8eb8525fe1c6753']}\n\nScreenshot Attachments - @{variables('ScreenShotLink')}\n\n--------------------------------------------------------------\nDebug Notes:\n@{triggerOutputs()?['body/resourceData/responseId']}"},"authentication":"@parameters('$authentication')"}}},"runAfter":{"Initialize_variable":["Succeeded"]},"metadata":{"operationMetadataId":"8eb0b15d-7ad4-4e91-b550-b40a97db20f7"},"type":"Foreach"},"Delay":{"runAfter":{"Copy_folder":["Succeeded"]},"metadata":{"operationMetadataId":"6ee8fd86-3732-45f7-a88c-8e1df83fa42a"},"type":"Wait","inputs":{"interval":{"count":5,"unit":"Second"}}},"Start_and_wait_for_an_approval":{"runAfter":{"Apply_to_each_3":["Succeeded"]},"metadata":{"operationMetadataId":"d083c31c-f15b-4634-9c7f-66cecaab9860"},"type":"OpenApiConnectionWebhook","inputs":{"host":{"apiId":"/providers/Microsoft.PowerApps/apis/shared_approvals","connectionName":"shared_approvals","operationId":"StartAndWaitForAnApproval"},"parameters":{"approvalType":"Basic","WebhookApprovalCreationInput/title":"@outputs('Create_a_task_2')?['body/title']","WebhookApprovalCreationInput/assignedTo":"@{outputs('Get_manager_(V2)')?['body/mail']};","WebhookApprovalCreationInput/details":"Please see the task link below - review and sbmit the approval or rejection.\nAdd notes if needed.","WebhookApprovalCreationInput/itemLink":"https://tasks.office.com/sharedservicearvato.onmicrosoft.com/Home/Task/@{outputs('Create_a_task_2')?['body/id']}","WebhookApprovalCreationInput/itemLinkDescription":"@outputs('Create_a_task_2')?['body/title']","WebhookApprovalCreationInput/requestor":"@{outputs('Get_user_profile_(V2)')?['body/mail']};","WebhookApprovalCreationInput/enableNotifications":true,"WebhookApprovalCreationInput/enableReassignment":true},"authentication":"@parameters('$authentication')"}},"Convert_time_zone_-_Approval":{"runAfter":{"Start_and_wait_for_an_approval":["Succeeded"]},"metadata":{"operationMetadataId":"ef949683-d5e6-4e6c-bf52-bb8b47357b5e"},"type":"Expression","kind":"ConvertTimeZone","inputs":{"baseTime":"@outputs('Start_and_wait_for_an_approval')?['body/completionDate']","formatString":"g","sourceTimeZone":"UTC","destinationTimeZone":"GMT Standard Time"}},"Apply_to_each_3":{"foreach":"@outputs('Search_for_users_(V2)')?['body/value']","actions":{"Send_an_email_(V2)":{"runAfter":{},"metadata":{"operationMetadataId":"77be3d89-6e38-4d27-bbcf-be8b756dba4d"},"type":"OpenApiConnection","inputs":{"host":{"apiId":"/providers/Microsoft.PowerApps/apis/shared_office365","connectionName":"shared_office365","operationId":"SendEmailV2"},"parameters":{"emailMessage/To":"james.buller@sharedservicesarvato.co.uk;Jacob.Cossins@sharedservicesarvato.co.uk;kevin.feathers@sharedservicesarvato.co.uk;aamir.miah@sharedservicesarvato.co.uk;liam.isaac@sharedservicesarvato.co.uk","emailMessage/Subject":"ICT Infrastructure - Monthly Checks for @{formatDateTime(utcNow(),'dd/MM/yyyy')}","emailMessage/Body":"<p>All,<br>\n<br>\nChecks have been completed for @{formatDateTime(utcNow(),'dd/MM/yyyy')}.<br>\n<br>\n<em><strong>Team Checks and Tasks (On Site):</strong></em><br>\nITSM / Desk Review - @{outputs('Get_response_details')?['body/rfb75a06066a948cda597d98dd263ae4e']}<br>\nMeeting Rooms - @{outputs('Get_response_details')?['body/r195b6a97a420444cb10a7f4fcaf47aa8']}<br>\nNotes - @{outputs('Get_response_details')?['body/r789ea6044744461a907f406d0f9fe395']}<br>\n<br>\n<em><strong>Team Checks and Tasks (Services):<br>\n</strong></em>Intune Software upgrades - @{outputs('Get_response_details')?['body/r89e461caa26a4900af74480a570f51b5']}<br>\nCertificate Checks - @{outputs('Get_response_details')?['body/rade4f5a9141a4341b88373f0c972765e']}<br>\nCapacity Report - @{outputs('Get_response_details')?['body/rf91bb900c5d841b9a6bc166b9ac1d17b']}<br>\nClear RSA Unresolvable Users - @{outputs('Get_response_details')?['body/r064b5c1de64b4a7f8fd7f9385ccb31a4']}<br>\nMicrosoft 365 licence Count - @{outputs('Get_response_details')?['body/r6cd3670bd7d448b1923839f901db7099']}<br>\nDomain / Application Administrator Review - @{outputs('Get_response_details')?['body/rb85cb4c19408409faeb9252774ee6b5d']}<br>\n<br>\n<em><strong>Systems and Server Patching:<br>\n</strong></em>Hosted Services Patching (SSAHS) - @{outputs('Get_response_details')?['body/r2676745039ec452f888bca860a9e3ef7']}<br>\nNon-Production Patching (SSANP) - @{outputs('Get_response_details')?['body/rb4b52fe39216483c897e5b3838d4e0c8']}<br>\nProduction Patching (SSAP) - @{outputs('Get_response_details')?['body/rf046221e847948cdb3f1be6eeaec05eb']}<br>\nSwansea Patching (SSC) - @{outputs('Get_response_details')?['body/r50deb58abc464863977834c4cb4ce3b8']}<br>\nAWS CS 1 (Clearswift) - @{outputs('Get_response_details')?['body/r3970fbaca5da4fc896257f5c312b4d2d']}<br>\nAWS CS 2 (Clearswift) - @{outputs('Get_response_details')?['body/r7c3576d3295f498abaaf819717ef8055']}<br>\nNotes - @{outputs('Get_response_details')?['body/r7518ebe8c6cd4ad3b8eb8525fe1c6753']}<br>\n<br>\nScreenshot Attachments - @{variables('ScreenShotLink')}<em><strong><br>\n<br>\n<br>\n</strong></em><em><strong>@{outputs('Get_user_profile_(V2)')?['body/displayName']}</strong></em><em><strong></strong></em><br>\n@{outputs('Get_user_profile_(V2)')?['body/jobTitle']}<br>\nArvato CRM Solutions, UK &amp; Ireland<br>\n--------------------------------------------------<br>\n5 Sandringham Park<br>\nSwansea<br>\nSA7 0EA<br>\nwww.arvato.co.uk<br>\n<br>\n<br>\n*Email sent automatically based on submission of the Morning Checks<br>\nDebug Info: @{outputs('Post_message_in_a_chat_or_channel')?['body/messageLink']} / @{outputs('Post_message_in_a_chat_or_channel')?['body/id']}<br>\n</p>","emailMessage/From":"windowssupport@sharedservicesarvato.co.uk","emailMessage/Cc":"dan.morgan@sharedservicesarvato.co.uk;daniel.oxenham@sharedservicesarvato.co.uk","emailMessage/Importance":"Normal"},"authentication":"@parameters('$authentication')"}}},"runAfter":{"Post_message_in_a_chat_or_channel":["Succeeded"]},"metadata":{"operationMetadataId":"63f7fc7e-2566-4ac0-83e8-cee0620b7bca"},"type":"Foreach"},"Create_new_folder":{"runAfter":{"Create_a_task_2":["Succeeded"]},"metadata":{"operationMetadataId":"fa0178d9-2ce4-475d-9cbb-46bfec8019b1"},"type":"OpenApiConnection","inputs":{"host":{"apiId":"/providers/Microsoft.PowerApps/apis/shared_sharepointonline","connectionName":"shared_sharepointonline","operationId":"CreateNewFolder"},"parameters":{"dataset":"https://sharedservicearvato.sharepoint.com/sites/ICTInfrastructure711","table":"96d5a637-1db0-4d0e-b007-056e5aef6c1d","parameters/path":"General/17. Team Checks/Monthly/Attachments/@{formatDateTime(utcNow(),'ddMMyyyy')}"},"authentication":"@parameters('$authentication')"}},"Copy_folder":{"runAfter":{"Create_new_folder":["Succeeded"]},"metadata":{"%252fShared%2bDocuments%252fApps%252fMicrosoft%2bForms%252fICT%2bInfrastructure%2b-%2bWeekly%2bChecks%252fScreenshot%2bAttachments":"/Shared Documents/Apps/Microsoft Forms/ICT Infrastructure - Weekly Checks/Screenshot Attachments","operationMetadataId":"6114d3df-f1b9-4726-9335-483127ed0a4b","%252fShared%2bDocuments%252fApps%252fMicrosoft%2bForms%252fICT%2bInfrastructure%2b-%2bWeekly%2bChecks%252fQuestion":"/Shared Documents/Apps/Microsoft Forms/ICT Infrastructure - Weekly Checks/Question","%252fShared%2bDocuments%252fApps%252fMicrosoft%2bForms%252fICT%2bInfrastructure%2b-%2b%2bMonthly%2bChecks%252fQuestion":"/Shared Documents/Apps/Microsoft Forms/ICT Infrastructure -  Monthly Checks/Question"},"type":"OpenApiConnection","inputs":{"host":{"apiId":"/providers/Microsoft.PowerApps/apis/shared_sharepointonline","connectionName":"shared_sharepointonline","operationId":"CopyFolderAsync"},"parameters":{"dataset":"https://sharedservicearvato.sharepoint.com/sites/ICTInfrastructure711","parameters/sourceFolderId":"%252fShared%2bDocuments%252fApps%252fMicrosoft%2bForms%252fICT%2bInfrastructure%2b-%2b%2bMonthly%2bChecks%252fQuestion","parameters/destinationDataset":"https://sharedservicearvato.sharepoint.com/sites/ICTInfrastructure711","parameters/destinationFolderPath":"/Shared Documents/General/17. Team Checks/Monthly/Attachments/@{formatDateTime(utcNow(),'ddMMyyyy')}","parameters/nameConflictBehavior":2},"authentication":"@parameters('$authentication')"}},"Initialize_variable":{"runAfter":{"Delay":["Succeeded"]},"metadata":{"operationMetadataId":"d6d3b727-211c-49d5-ac11-f7acc12d3673"},"type":"InitializeVariable","inputs":{"variables":[{"name":"ScreenShotLink","type":"string","value":"https://sharedservicearvato.sharepoint.com/:f:/s/ICTInfrastructure711/EpA9vDccBRJKo-UKGCgxD1EBR_lR1Y1Px7XlakvG9k-uNA?e=YtNQRL"}]}},"Approve_to_Excel":{"foreach":"@outputs('Start_and_wait_for_an_approval')?['body/responses']","actions":{"Add_approval_into_a_table":{"runAfter":{},"metadata":{"01XX4MX7S5NPHGNCGX6NB2CGAU4AVH7KE4":"/General/17. Team Checks/Monthly/Monthly Checks.xlsx","operationMetadataId":"e1bbe492-7970-446b-9223-6e7013f71b34","tableId":"{1FF01054-079E-4A9F-8153-6BD224EA6186}"},"type":"OpenApiConnection","inputs":{"host":{"apiId":"/providers/Microsoft.PowerApps/apis/shared_excelonlinebusiness","connectionName":"shared_excelonlinebusiness","operationId":"AddRowV2"},"parameters":{"source":"sites/sharedservicearvato.sharepoint.com,d7240416-51c7-479d-a4d6-ca03be005963,16e0b0f4-fe54-456d-9799-6ab6f4ab5fd0","drive":"b!FgQk18dRnUek1soDvgBZY_Sw4BZU_m1Fl5lqtvSrX9A3ptWWsB0OTbAHBW5a72wd","file":"01XX4MX7S5NPHGNCGX6NB2CGAU4AVH7KE4","table":"{1FF01054-079E-4A9F-8153-6BD224EA6186}","item/Status":"@outputs('Start_and_wait_for_an_approval')?['body/outcome']","item/Approver":"@items('Approve_to_Excel')?['responder/displayName']","item/Date":"@body('Convert_time_zone_-_Approval')","item/Notes":"@items('Approve_to_Excel')?['comments']"},"authentication":"@parameters('$authentication')"}}},"runAfter":{"Convert_time_zone_-_Approval":["Succeeded"]},"metadata":{"operationMetadataId":"6b308243-91eb-467e-8372-dd974071c5f2"},"type":"Foreach"}},"outputs":{},"description":"Create task in Planner when a new response is submitted from Microsoft Forms and also post message to my team in Microsoft Teams."},"connectionReferences":{"shared_microsoftforms":{"connectionName":"shared-microsoftform-f1f67fd9-8c8f-4f01-af2c-37fa3ea4cfac","source":"Embedded","id":"/providers/Microsoft.PowerApps/apis/shared_microsoftforms","tier":"NotSpecified"},"shared_teams":{"connectionName":"shared-teams-d877f25a-d212-49cd-ba03-46bcfcb69d7e","source":"Embedded","id":"/providers/Microsoft.PowerApps/apis/shared_teams","tier":"NotSpecified"},"shared_office365users":{"connectionName":"shared-office365user-4e327a5e-8906-4f4f-8883-8c65d5ac4123","source":"Embedded","id":"/providers/Microsoft.PowerApps/apis/shared_office365users","tier":"NotSpecified"},"shared_planner":{"connectionName":"shared-planner-185b6127-40bc-4228-9854-5567f17894ff","source":"Embedded","id":"/providers/Microsoft.PowerApps/apis/shared_planner","tier":"NotSpecified"},"shared_approvals":{"connectionName":"shared-approvals-dc70db5c-5a73-46f5-a8a7-7b471bc94892","source":"Embedded","id":"/providers/Microsoft.PowerApps/apis/shared_approvals","tier":"NotSpecified"},"shared_office365":{"connectionName":"shared-office365-194a1267-664a-4b72-a801-fb85834f16c4","source":"Embedded","id":"/providers/Microsoft.PowerApps/apis/shared_office365","tier":"NotSpecified"},"shared_sharepointonline":{"connectionName":"38eb2683462f43328e6d37219c0635cb","source":"Embedded","id":"/providers/Microsoft.PowerApps/apis/shared_sharepointonline","tier":"NotSpecified"},"shared_excelonlinebusiness":{"connectionName":"642e0545bfee4264b61c8e3a6da978e9","source":"Embedded","id":"/providers/Microsoft.PowerApps/apis/shared_excelonlinebusiness","tier":"NotSpecified"}},"flowFailureAlertSubscribed":false,"isManaged":false}}