{"name":"10432742-5352-406b-b43f-e721a2472150","id":"/providers/Microsoft.Flow/flows/10432742-5352-406b-b43f-e721a2472150","type":"Microsoft.Flow/flows","properties":{"apiId":"/providers/Microsoft.PowerApps/apis/shared_logicflows","displayName":"Monthly Task to Spreadsheet","definition":{"metadata":{"workflowEntityId":null,"processAdvisorMetadata":null,"flowChargedByPaygo":null,"flowclientsuspensionreason":"None","flowclientsuspensiontime":null,"flowclientsuspensionreasondetails":null,"creator":{"id":"dc587589-4d07-4594-a939-98c484a0dbb8","type":"User","tenantId":"91956b69-c677-4a9b-ba8d-2f404b6d2c6e"},"provisioningMethod":"FromDefinition","failureAlertSubscription":true,"clientLastModifiedTime":"2023-08-09T11:32:45.5600251Z"},"$schema":"https://schema.management.azure.com/providers/Microsoft.Logic/schemas/2016-06-01/workflowdefinition.json#","contentVersion":"1.0.0.0","parameters":{"$connections":{"defaultValue":{},"type":"Object"},"$authentication":{"defaultValue":{},"type":"SecureObject"}},"triggers":{"When_a_new_response_is_submitted":{"splitOn":"@triggerOutputs()?['body/value']","metadata":{"operationMetadataId":"1622e911-b3bd-4692-8020-ca02c31e0e2b"},"type":"OpenApiConnectionWebhook","inputs":{"host":{"apiId":"/providers/Microsoft.PowerApps/apis/shared_microsoftforms","connectionName":"shared_microsoftforms","operationId":"CreateFormWebhook"},"parameters":{"form_id":"aWuVkXfGm0q6jS9AS20sbssKu8jvwstBoepEyHMdT_5UREE2VFAwSTlWVEtIV1lNRjJRMFVGU1RENSQlQCN0PWcu"},"authentication":"@parameters('$authentication')"}}},"actions":{"Get_response_details":{"runAfter":{},"metadata":{"operationMetadataId":"dc6356e6-7298-4426-a9b5-2ec1df6f5aa6"},"type":"OpenApiConnection","inputs":{"host":{"apiId":"/providers/Microsoft.PowerApps/apis/shared_microsoftforms","connectionName":"shared_microsoftforms","operationId":"GetFormResponseById"},"parameters":{"form_id":"aWuVkXfGm0q6jS9AS20sbssKu8jvwstBoepEyHMdT_5UREE2VFAwSTlWVEtIV1lNRjJRMFVGU1RENSQlQCN0PWcu","response_id":"@triggerOutputs()?['body/resourceData/responseId']"},"authentication":"@parameters('$authentication')"}},"Get_user_profile_(V2)":{"runAfter":{"Get_response_details":["Succeeded"]},"metadata":{"operationMetadataId":"d137a8fb-bf96-4be9-8297-c3b32cedcdcb"},"type":"OpenApiConnection","inputs":{"host":{"apiId":"/providers/Microsoft.PowerApps/apis/shared_office365users","connectionName":"shared_office365users","operationId":"UserProfile_V2"},"parameters":{"id":"@outputs('Get_response_details')?['body/responder']"},"authentication":"@parameters('$authentication')"}},"Convert_time_zone":{"runAfter":{"Screenshot_Link":["Succeeded"]},"metadata":{"operationMetadataId":"be40af49-d709-40a3-8015-90f12f0f790c"},"type":"Expression","kind":"ConvertTimeZone","inputs":{"baseTime":"@outputs('Get_response_details')?['body/submitDate']","formatString":"g","sourceTimeZone":"UTC","destinationTimeZone":"GMT Standard Time"}},"Get_manager_(V2)":{"runAfter":{"Get_user_profile_(V2)":["Succeeded"]},"metadata":{"operationMetadataId":"e06b0cad-a19e-4b31-8cc4-4ffc5bda3080"},"type":"OpenApiConnection","inputs":{"host":{"apiId":"/providers/Microsoft.PowerApps/apis/shared_office365users","connectionName":"shared_office365users","operationId":"Manager_V2"},"parameters":{"id":"@outputs('Get_user_profile_(V2)')?['body/userPrincipalName']"},"authentication":"@parameters('$authentication')"}},"Screenshot_Link":{"runAfter":{"Get_manager_(V2)":["Succeeded"]},"metadata":{"operationMetadataId":"ec0e9276-7d03-4668-a786-ef600689672b"},"type":"InitializeVariable","inputs":{"variables":[{"name":"ScreenShotLink","type":"string","value":"https://sharedservicearvato.sharepoint.com/:f:/s/ICTInfrastructure711/EpA9vDccBRJKo-UKGCgxD1EBR_lR1Y1Px7XlakvG9k-uNA?e=YtNQRL"}]}},"Add_initial_details_into_a_table":{"runAfter":{"Convert_time_zone":["Succeeded"]},"metadata":{"01XX4MX7S5NPHGNCGX6NB2CGAU4AVH7KE4":"/General/17. Team Checks/Monthly/Monthly Checks.xlsx","operationMetadataId":"d2f9ba73-c215-40a2-b5c2-e6fd9a22c1ae"},"type":"OpenApiConnection","inputs":{"host":{"apiId":"/providers/Microsoft.PowerApps/apis/shared_excelonlinebusiness","connectionName":"shared_excelonlinebusiness","operationId":"AddRowV2"},"parameters":{"source":"sites/sharedservicearvato.sharepoint.com,d7240416-51c7-479d-a4d6-ca03be005963,16e0b0f4-fe54-456d-9799-6ab6f4ab5fd0","drive":"b!FgQk18dRnUek1soDvgBZY_Sw4BZU_m1Fl5lqtvSrX9A3ptWWsB0OTbAHBW5a72wd","file":"01XX4MX7S5NPHGNCGX6NB2CGAU4AVH7KE4","table":"{FED0C6B7-2506-45D2-AB2E-8A153E540E5E}","item/Date":"@body('Convert_time_zone')","item/Engineer":"@outputs('Get_user_profile_(V2)')?['body/displayName']","item/Manager":"@outputs('Get_manager_(V2)')?['body/displayName']"},"authentication":"@parameters('$authentication')"}},"Add_onsite_tasks_into_a_table":{"runAfter":{"Add_initial_details_into_a_table":["Succeeded"]},"metadata":{"01XX4MX7S5NPHGNCGX6NB2CGAU4AVH7KE4":"/General/17. Team Checks/Monthly/Monthly Checks.xlsx","operationMetadataId":"0d486938-987f-4cee-b077-6263f6979fef"},"type":"OpenApiConnection","inputs":{"host":{"apiId":"/providers/Microsoft.PowerApps/apis/shared_excelonlinebusiness","connectionName":"shared_excelonlinebusiness","operationId":"AddRowV2"},"parameters":{"source":"sites/sharedservicearvato.sharepoint.com,d7240416-51c7-479d-a4d6-ca03be005963,16e0b0f4-fe54-456d-9799-6ab6f4ab5fd0","drive":"b!FgQk18dRnUek1soDvgBZY_Sw4BZU_m1Fl5lqtvSrX9A3ptWWsB0OTbAHBW5a72wd","file":"01XX4MX7S5NPHGNCGX6NB2CGAU4AVH7KE4","table":"{248C08AE-9D8A-4FFA-92A7-44C1E91C7A1F}","item/ITSM Review":"@outputs('Get_response_details')?['body/rfb75a06066a948cda597d98dd263ae4e']","item/Meeting Rooms":"@outputs('Get_response_details')?['body/r195b6a97a420444cb10a7f4fcaf47aa8']","item/Notes":"@outputs('Get_response_details')?['body/r789ea6044744461a907f406d0f9fe395']"},"authentication":"@parameters('$authentication')"}},"Add_services_into_a_table":{"runAfter":{"Add_onsite_tasks_into_a_table":["Succeeded"]},"metadata":{"01XX4MX7S5NPHGNCGX6NB2CGAU4AVH7KE4":"/General/17. Team Checks/Monthly/Monthly Checks.xlsx","operationMetadataId":"87e94461-b88c-48e0-a5a6-9171c795c3fd"},"type":"OpenApiConnection","inputs":{"host":{"apiId":"/providers/Microsoft.PowerApps/apis/shared_excelonlinebusiness","connectionName":"shared_excelonlinebusiness","operationId":"AddRowV2"},"parameters":{"source":"sites/sharedservicearvato.sharepoint.com,d7240416-51c7-479d-a4d6-ca03be005963,16e0b0f4-fe54-456d-9799-6ab6f4ab5fd0","drive":"b!FgQk18dRnUek1soDvgBZY_Sw4BZU_m1Fl5lqtvSrX9A3ptWWsB0OTbAHBW5a72wd","file":"01XX4MX7S5NPHGNCGX6NB2CGAU4AVH7KE4","table":"{1ACDC6BB-1C12-48A6-8552-7231E936F262}","item/Intune":"@outputs('Get_response_details')?['body/r89e461caa26a4900af74480a570f51b5']","item/Certs":"@outputs('Get_response_details')?['body/rade4f5a9141a4341b88373f0c972765e']","item/Capacity":"@outputs('Get_response_details')?['body/rf91bb900c5d841b9a6bc166b9ac1d17b']","item/Clear RSA":"@outputs('Get_response_details')?['body/r064b5c1de64b4a7f8fd7f9385ccb31a4']","item/M365 Licences":"@outputs('Get_response_details')?['body/r6cd3670bd7d448b1923839f901db7099']","item/DA App Review":"@outputs('Get_response_details')?['body/rb85cb4c19408409faeb9252774ee6b5d']"},"authentication":"@parameters('$authentication')"}},"Add_patching_into_a_table":{"runAfter":{"Add_services_into_a_table":["Succeeded"]},"metadata":{"01XX4MX7S5NPHGNCGX6NB2CGAU4AVH7KE4":"/General/17. Team Checks/Monthly/Monthly Checks.xlsx","operationMetadataId":"59b12918-75e3-4f17-89df-2ee71f892d7a"},"type":"OpenApiConnection","inputs":{"host":{"apiId":"/providers/Microsoft.PowerApps/apis/shared_excelonlinebusiness","connectionName":"shared_excelonlinebusiness","operationId":"AddRowV2"},"parameters":{"source":"sites/sharedservicearvato.sharepoint.com,d7240416-51c7-479d-a4d6-ca03be005963,16e0b0f4-fe54-456d-9799-6ab6f4ab5fd0","drive":"b!FgQk18dRnUek1soDvgBZY_Sw4BZU_m1Fl5lqtvSrX9A3ptWWsB0OTbAHBW5a72wd","file":"01XX4MX7S5NPHGNCGX6NB2CGAU4AVH7KE4","table":"{D6AA9F71-F21A-42B2-9496-BC0C124F2E53}","item/Patching HS":"@outputs('Get_response_details')?['body/r2676745039ec452f888bca860a9e3ef7']","item/Patching NP":"@outputs('Get_response_details')?['body/rb4b52fe39216483c897e5b3838d4e0c8']","item/Patching Prod":"@outputs('Get_response_details')?['body/rf046221e847948cdb3f1be6eeaec05eb']","item/Patching SSC":"@outputs('Get_response_details')?['body/r50deb58abc464863977834c4cb4ce3b8']","item/Patching CS1":"@outputs('Get_response_details')?['body/r3970fbaca5da4fc896257f5c312b4d2d']","item/Patching CS2":"@outputs('Get_response_details')?['body/r7c3576d3295f498abaaf819717ef8055']","item/Notes":"@outputs('Get_response_details')?['body/r7518ebe8c6cd4ad3b8eb8525fe1c6753']"},"authentication":"@parameters('$authentication')"}},"Add_attachment_link_into_a_table":{"runAfter":{"Add_patching_into_a_table":["Succeeded"]},"metadata":{"01XX4MX7S5NPHGNCGX6NB2CGAU4AVH7KE4":"/General/17. Team Checks/Monthly/Monthly Checks.xlsx","operationMetadataId":"c4e61251-34c5-43cb-b1c3-b0ec4f02d530"},"type":"OpenApiConnection","inputs":{"host":{"apiId":"/providers/Microsoft.PowerApps/apis/shared_excelonlinebusiness","connectionName":"shared_excelonlinebusiness","operationId":"AddRowV2"},"parameters":{"source":"sites/sharedservicearvato.sharepoint.com,d7240416-51c7-479d-a4d6-ca03be005963,16e0b0f4-fe54-456d-9799-6ab6f4ab5fd0","drive":"b!FgQk18dRnUek1soDvgBZY_Sw4BZU_m1Fl5lqtvSrX9A3ptWWsB0OTbAHBW5a72wd","file":"01XX4MX7S5NPHGNCGX6NB2CGAU4AVH7KE4","table":"{87AB85F6-1FA4-48F1-B9CD-730F6E8BD9BD}","item/Attachments":"@variables('ScreenShotLink')"},"authentication":"@parameters('$authentication')"}}}},"connectionReferences":{"shared_microsoftforms":{"connectionName":"shared-microsoftform-f1f67fd9-8c8f-4f01-af2c-37fa3ea4cfac","source":"Embedded","id":"/providers/Microsoft.PowerApps/apis/shared_microsoftforms","tier":"NotSpecified"},"shared_office365users":{"connectionName":"shared-office365user-4e327a5e-8906-4f4f-8883-8c65d5ac4123","source":"Embedded","id":"/providers/Microsoft.PowerApps/apis/shared_office365users","tier":"NotSpecified"},"shared_excelonlinebusiness":{"connectionName":"642e0545bfee4264b61c8e3a6da978e9","source":"Embedded","id":"/providers/Microsoft.PowerApps/apis/shared_excelonlinebusiness","tier":"NotSpecified"}},"flowFailureAlertSubscribed":false,"isManaged":false}}