{"name":"ad10a411-c5ac-45a9-91bf-7473c76435a4","id":"/providers/Microsoft.Flow/flows/ad10a411-c5ac-45a9-91bf-7473c76435a4","type":"Microsoft.Flow/flows","properties":{"apiId":"/providers/Microsoft.PowerApps/apis/shared_logicflows","displayName":"Windows Support Task Creation V1.3","definition":{"metadata":{"workflowEntityId":null,"processAdvisorMetadata":null,"flowChargedByPaygo":null,"flowclientsuspensionreason":"None","flowclientsuspensiontime":null,"flowclientsuspensionreasondetails":null,"creator":{"id":"dc587589-4d07-4594-a939-98c484a0dbb8","type":"User","tenantId":"91956b69-c677-4a9b-ba8d-2f404b6d2c6e"},"provisioningMethod":"FromDefinition","failureAlertSubscription":true,"clientLastModifiedTime":"2023-12-12T19:00:28.6252841Z","connectionKeySavedTimeKey":"2023-12-12T19:00:28.6252841Z"},"$schema":"https://schema.management.azure.com/providers/Microsoft.Logic/schemas/2016-06-01/workflowdefinition.json#","contentVersion":"1.0.0.0","parameters":{"$connections":{"defaultValue":{},"type":"Object"},"$authentication":{"defaultValue":{},"type":"SecureObject"}},"triggers":{"When_a_new_email_arrives_in_a_shared_mailbox_(V2)":{"recurrence":{"frequency":"Minute","interval":5},"splitOn":"@triggerOutputs()?['body/value']","metadata":{"operationMetadataId":"5b2527ac-d90f-41c5-ad5f-5f933b123187","Id::AQMkADkyMDhmZDI4LTNkZTAtNGEwZi05NjhkLWRhOGVmNmQ3ZGZhMgAuAAAD9NCFEIorckO9HyIht29EaQEAwEin4D8PwUKHgHczKUY83wAAAgEMAAAA":"Inbox","Id::AAMkADAwNmM1ODQ0LWVmYmUtNGQ0YS1iYThlLTU2YjdlYTUzMTdlOAAuAAAAAACElR5EGXXOTKIDJK8O_6nKAQBB0ywwePfoQ5CwpdqGAfbIAAAAAAEJAAA=":"Sent Items","Id::AAMkADAwNmM1ODQ0LWVmYmUtNGQ0YS1iYThlLTU2YjdlYTUzMTdlOAAuAAAAAACElR5EGXXOTKIDJK8O_6nKAQBB0ywwePfoQ5CwpdqGAfbIAAAAAAEMAAA=":"Inbox"},"type":"OpenApiConnection","inputs":{"host":{"apiId":"/providers/Microsoft.PowerApps/apis/shared_office365","connectionName":"shared_office365_1","operationId":"SharedMailboxOnNewEmailV2"},"parameters":{"mailboxAddress":"windowssupport@sharedservicesarvato.co.uk","folderId":"Id::AAMkADAwNmM1ODQ0LWVmYmUtNGQ0YS1iYThlLTU2YjdlYTUzMTdlOAAuAAAAAACElR5EGXXOTKIDJK8O_6nKAQBB0ywwePfoQ5CwpdqGAfbIAAAAAAEMAAA=","importance":"Any","hasAttachments":false,"includeAttachments":true},"authentication":"@parameters('$authentication')"}}},"actions":{"Html_to_text":{"runAfter":{"Apply_to_each":["Succeeded"]},"metadata":{"operationMetadataId":"0959fdb8-a103-4a8b-b7da-88087f13346e"},"type":"OpenApiConnection","inputs":{"host":{"apiId":"/providers/Microsoft.PowerApps/apis/shared_conversionservice","connectionName":"shared_conversionservice","operationId":"HtmlToText"},"parameters":{"Content":"<p>@{triggerOutputs()?['body/body']}</p>"},"authentication":"@parameters('$authentication')"}},"Condition":{"actions":{"Compose":{"runAfter":{},"metadata":{"operationMetadataId":"dc366094-9242-461f-818b-558c1b895eb7"},"type":"Compose","inputs":"@concat(triggerOutputs()?['body/from'],outputs('Html_to_text')?['body'])"},"Create_a_task_2":{"runAfter":{"Convert_time_zone":["Succeeded"]},"metadata":{"operationMetadataId":"7d784db7-0a4c-4791-85fb-121eb792d935"},"type":"OpenApiConnection","inputs":{"host":{"apiId":"/providers/Microsoft.PowerApps/apis/shared_planner","connectionName":"shared_planner_1","operationId":"CreateTask_V3"},"parameters":{"body/groupId":"c8bb0acb-c2ef-41cb-a1ea-44c8731d4ffe","body/planId":"sPSvET6gAE6sDXlW2G20JJgAGnjW","body/title":"@triggerOutputs()?['body/subject']","body/bucketId":"xehpnQ0WvUCdWNtflxxo45gAKBFy","body/startDateTime":"@triggerOutputs()?['body/receivedDateTime']","body/dueDateTime":"@addDays(utcNow(),7)"},"authentication":"@parameters('$authentication')"}},"Delay_2":{"runAfter":{"Create_a_task_2":["Succeeded"]},"metadata":{"operationMetadataId":"85d75ec6-5a12-4b04-bfda-6c91a741939d"},"type":"Wait","inputs":{"interval":{"count":10,"unit":"Second"}}},"Update_a_task_(V2)_2":{"runAfter":{"Delay_2":["Succeeded"]},"metadata":{"operationMetadataId":"c5f0b797-3341-4496-af16-e2ad4b4d77dd"},"type":"OpenApiConnection","inputs":{"host":{"apiId":"/providers/Microsoft.PowerApps/apis/shared_planner","connectionName":"shared_planner_1","operationId":"UpdateTask_V3"},"parameters":{"id":"@outputs('Create_a_task_2')?['body/id']","body/title":"@triggerOutputs()?['body/subject']","body/appliedCategories/category17":true},"authentication":"@parameters('$authentication')"}},"Convert_time_zone":{"runAfter":{"Compose":["Succeeded"]},"metadata":{"operationMetadataId":"32d1754d-b79a-47cb-9a1a-e0fcf0d0fc48"},"type":"Expression","kind":"ConvertTimeZone","inputs":{"baseTime":"@triggerOutputs()?['body/receivedDateTime']","formatString":"g","sourceTimeZone":"UTC","destinationTimeZone":"GMT Standard Time"}},"Apply_to_each_2":{"foreach":"@outputs('Search_for_users_(V2)')?['body/value']","actions":{"Update_task_details_2":{"runAfter":{},"metadata":{"operationMetadataId":"bdeb07d1-2585-42d2-b55e-2bf39987fde8"},"type":"OpenApiConnection","inputs":{"host":{"apiId":"/providers/Microsoft.PowerApps/apis/shared_planner","connectionName":"shared_planner_1","operationId":"UpdateTaskDetails_V2"},"parameters":{"id":"@outputs('Update_a_task_(V2)_2')?['body/id']","body/description":"-- This is the intial message for this task, no replies to this will be created. Always check the Windows Support Shared Mailbox for additional replies and information --\n\nIncoming Mailbox - Windows Support \nEmail Sent by - @{items('Apply_to_each_2')?['DisplayName']}\nEmail received - @{body('Convert_time_zone')}\n\n----- \n@{body('Html_to_text')}\n----- \nImported by Outlook 365 Email Windows Support Shared Mailbox\n(Message ID:  @{triggerOutputs()?['body/id']}) "},"authentication":"@parameters('$authentication')"}}},"runAfter":{"Update_a_task_(V2)_2":["Succeeded"]},"metadata":{"operationMetadataId":"3c7ce8aa-cbfb-4232-8dc3-62ea6df4889d"},"type":"Foreach"},"Confirmation_Email":{"foreach":"@outputs('Search_for_users_(V2)')?['body/value']","actions":{"Send_an_email_from_a_shared_mailbox_(V2)":{"runAfter":{},"metadata":{"operationMetadataId":"e1c9f935-8d1b-4c39-893b-13dd383d5c87"},"type":"OpenApiConnection","inputs":{"host":{"apiId":"/providers/Microsoft.PowerApps/apis/shared_office365","connectionName":"shared_office365_1","operationId":"SharedMailboxSendEmailV2"},"parameters":{"emailMessage/MailboxAddress":"windowssupport@sharedservicesarvato.co.uk","emailMessage/To":"@items('Confirmation_Email')?['Mail']","emailMessage/Subject":"Windows Support Ticket Created","emailMessage/Body":"<p>Dear @{items('Confirmation_Email')?['GivenName']},<br>\n<br>\nThank you for emailing Windows Support.<br>\n<br>\nYour request<strong> </strong><strong>@{outputs('Create_a_task_2')?['body/title']}</strong><strong> </strong>has been allocated for review.<br>\n<br>\nPlease make sure that in most cases a service ticket will need to also be raised for audit purposes.<br>\n<br>\n<a href=\"https://sapportal.sharedservicesarvato.co.uk/irj/portal\">Log Service Requests</a> // 0344 892 0343<br>\n<br>\nKind Regards,<br>\nICT Infrastructure Support Team<br>\n<br>\nArvato CRM Solutions, UK &amp; Ireland<br>\n<br>\n5 Sandringham Park<br>\nSwansea<br>\nSA7 0EA<br>\nwww.arvato.co.uk<br>\n<span style=\"font-size: 8px\">This message is private and confidential. If you have received this message in error, please notify us and remove it from your system.<br>\nRegistered company details: Arvato Limited, One Fleet Place, London, EC4M 7WS. Registration number: 03923307 (England &amp; Wales).</span><br>\n<br>\n<br>\n* This is an automated system message *</p>","emailMessage/Importance":"Normal"},"authentication":"@parameters('$authentication')"}}},"runAfter":{"Apply_to_each_2":["Succeeded"]},"metadata":{"operationMetadataId":"8462469b-9ba7-4de3-818a-57d896014222"},"type":"Foreach"},"Scope_If_Email_Has_Attachments_Save_to_SharePoint":{"actions":{"Apply_to_each_3":{"foreach":"@triggerOutputs()?['body/attachments']","actions":{"Condition_2":{"actions":{"Form_Folder_Name":{"runAfter":{},"metadata":{"operationMetadataId":"f3fc97be-7f8a-42f7-912f-223ee68f6268"},"type":"Compose","inputs":"@concat(triggerBody()?['Subject'], '- ' ,triggerBody()?['From'])"},"Create_file":{"runAfter":{"Form_Folder_Name":["Succeeded"]},"metadata":{"operationMetadataId":"9de02b40-5c6e-4df2-b112-1fbb293a80b4"},"type":"OpenApiConnection","inputs":{"host":{"apiId":"/providers/Microsoft.PowerApps/apis/shared_sharepointonline","connectionName":"shared_sharepointonline_1","operationId":"CreateFile"},"parameters":{"dataset":"https://sharedservicearvato.sharepoint.com/sites/ICTInfrastructure711","folderPath":"/Shared Documents/Team Tasks/Task Master/windowssupport/Attachments/@{outputs('Form_Folder_Name')}/","name":"@items('Apply_to_each_3')?['name']","body":"@items('Apply_to_each_3')?['contentBytes']"},"authentication":"@parameters('$authentication')"},"runtimeConfiguration":{"contentTransfer":{"transferMode":"Chunked"}}}},"runAfter":{},"expression":{"equals":["@triggerOutputs()?['body/hasAttachments']","@true"]},"metadata":{"operationMetadataId":"479e6297-d0be-43c2-9064-8d7d11fe19c9"},"type":"If"}},"runAfter":{},"metadata":{"operationMetadataId":"ae2d7ba3-1b96-4551-b8a3-ce4a9195cb03"},"type":"Foreach"}},"runAfter":{"Confirmation_Email":["Succeeded"]},"metadata":{"operationMetadataId":"033f7e60-165b-4d12-a8d4-c07c6b5cab85"},"type":"Scope"},"Scope_If_Email_Has_Attachments_Create_Sharing_Link":{"actions":{"Condition_if_Attachments_Exist":{"actions":{"Apply_to_each_4":{"foreach":"@triggerOutputs()?['body/attachments']","actions":{"Get_file_metadata_using_path":{"runAfter":{},"metadata":{"operationMetadataId":"4abd514c-704e-41ff-a36b-523ef5b86ebb"},"type":"OpenApiConnection","inputs":{"host":{"apiId":"/providers/Microsoft.PowerApps/apis/shared_sharepointonline","connectionName":"shared_sharepointonline_1","operationId":"GetFileMetadataByPath"},"parameters":{"dataset":"https://sharedservicearvato.sharepoint.com/sites/ICTInfrastructure711","path":"/Shared Documents/Team Tasks/Task Master/windowssupport/Attachments/@{concat(triggerBody()?['Subject'], '- ' ,triggerBody()?['From'])}/@{items('Apply_to_each_4')?['name']}"},"authentication":"@parameters('$authentication')"}},"Create_sharing_link_for_a_file_or_folder":{"runAfter":{"Get_file_metadata_using_path":["Succeeded"]},"metadata":{"operationMetadataId":"33547bcf-c219-4576-9902-b8cd50342ebd"},"type":"OpenApiConnection","inputs":{"host":{"apiId":"/providers/Microsoft.PowerApps/apis/shared_sharepointonline","connectionName":"shared_sharepointonline_1","operationId":"CreateSharingLink"},"parameters":{"dataset":"https://sharedservicearvato.sharepoint.com/sites/ICTInfrastructure711","table":"96d5a637-1db0-4d0e-b007-056e5aef6c1d","id":"@outputs('Get_file_metadata_using_path')?['body/ItemId']","permission/type":"edit","permission/scope":"organization"},"authentication":"@parameters('$authentication')"}},"Update_task_details":{"runAfter":{"Create_sharing_link_for_a_file_or_folder":["Succeeded"]},"metadata":{"operationMetadataId":"9e7d59a1-aaa5-4e4f-95cb-15a649a7c2fb"},"type":"OpenApiConnection","inputs":{"host":{"apiId":"/providers/Microsoft.PowerApps/apis/shared_planner","connectionName":"shared_planner_1","operationId":"UpdateTaskDetails_V2"},"parameters":{"id":"@outputs('Update_a_task_(V2)_2')?['body/id']","body/references":[{"alias":"@outputs('Get_file_metadata_using_path')?['body/Name']","resourceLink":"@outputs('Create_sharing_link_for_a_file_or_folder')?['body/link/webUrl']"}]},"authentication":"@parameters('$authentication')"}}},"runAfter":{},"metadata":{"operationMetadataId":"7a50851e-205c-443e-80c4-60228d359065"},"type":"Foreach"}},"runAfter":{},"expression":{"equals":["@triggerOutputs()?['body/hasAttachments']","@true"]},"metadata":{"operationMetadataId":"6cb513b3-9752-412f-a0b0-cf21dd45fac3"},"type":"If"}},"runAfter":{"Scope_If_Email_Has_Attachments_Save_to_SharePoint":["Succeeded"]},"metadata":{"operationMetadataId":"4be27300-e82a-48e0-88ba-a2ae87966303"},"type":"Scope"}},"runAfter":{"Html_to_text":["Succeeded"]},"expression":{"and":[{"not":{"startsWith":["@triggerOutputs()?['body/subject']","Re:"]}},{"not":{"startsWith":["@triggerOutputs()?['body/subject']","Configuration Report"]}},{"not":{"equals":["@triggerOutputs()?['body/from']","o365mc@microsoft.com"]}}]},"metadata":{"operationMetadataId":"1e822bbd-c481-4d33-b7aa-e5237492c668"},"type":"If"},"Search_for_users_(V2)":{"runAfter":{"Initialize_variable_TimeStamp":["Succeeded"]},"metadata":{"operationMetadataId":"247baafa-bd05-4d60-abd9-9d72609dd417"},"type":"OpenApiConnection","inputs":{"host":{"apiId":"/providers/Microsoft.PowerApps/apis/shared_office365users","connectionName":"shared_office365users","operationId":"SearchUserV2"},"parameters":{"searchTerm":"@triggerOutputs()?['body/from']","top":1},"authentication":"@parameters('$authentication')"}},"Apply_to_each":{"foreach":"@outputs('Search_for_users_(V2)')?['body/value']","actions":{"Get_user_profile_(V2)":{"runAfter":{},"metadata":{"operationMetadataId":"e76c8b15-3ba4-4d2c-aae9-06bed23287b0"},"type":"OpenApiConnection","inputs":{"host":{"apiId":"/providers/Microsoft.PowerApps/apis/shared_office365users","connectionName":"shared_office365users","operationId":"UserProfile_V2"},"parameters":{"id":"@items('Apply_to_each')?['Id']"},"authentication":"@parameters('$authentication')"}}},"runAfter":{"Search_for_users_(V2)":["Succeeded"]},"metadata":{"operationMetadataId":"96bf3e10-e949-4cc1-a044-6dc6fa8d4383"},"type":"Foreach"},"Current_time":{"runAfter":{},"metadata":{"operationMetadataId":"9b1c0285-8d0c-4909-a483-88208f4b571a"},"type":"Expression","kind":"CurrentTime","inputs":{}},"Initialize_variable_TimeStamp":{"runAfter":{"Current_time":["Succeeded"]},"metadata":{"operationMetadataId":"824ea4a6-b0cc-462f-8567-50791e9a762c"},"type":"InitializeVariable","inputs":{"variables":[{"name":"TimeStamp","type":"string","value":"@{formatDateTime(body('Current_Time'), 'yyyy-MM-dd-HH-mm-ss')}"}]}}},"description":"Reply Validation\nCreates Planner Task\nCreates 7 day due date\nAdds 'Green' New Flag\nAlerts team of a new task\nResponds to logging user\n-Email attachment WIP"},"connectionReferences":{"shared_conversionservice":{"connectionName":"shared-conversionser-aea2a3aa-1884-4335-a2c5-219299227790","source":"Embedded","id":"/providers/Microsoft.PowerApps/apis/shared_conversionservice","tier":"NotSpecified"},"shared_planner_1":{"connectionName":"shared-planner-e65910a4-cc30-46a0-bb55-c5a219422587","source":"Embedded","id":"/providers/Microsoft.PowerApps/apis/shared_planner","tier":"NotSpecified"},"shared_office365_1":{"connectionName":"shared-office365-a66f1a32-b1c8-4692-95d0-ef4f6a69357a","source":"Embedded","id":"/providers/Microsoft.PowerApps/apis/shared_office365","tier":"NotSpecified"},"shared_sharepointonline_1":{"connectionName":"shared-sharepointonl-205f10db-c8dc-4720-82bf-bd91ba98dfc0","source":"Embedded","id":"/providers/Microsoft.PowerApps/apis/shared_sharepointonline","tier":"NotSpecified"},"shared_office365users":{"connectionName":"shared-office365user-032134ad-d716-4737-8aec-23315d920b06","source":"Embedded","id":"/providers/Microsoft.PowerApps/apis/shared_office365users","tier":"NotSpecified"}},"flowFailureAlertSubscribed":false,"isManaged":false}}