{"name":"83617540-2896-454e-b6ff-016b02c4cdee","id":"/providers/Microsoft.Flow/flows/83617540-2896-454e-b6ff-016b02c4cdee","type":"Microsoft.Flow/flows","properties":{"apiId":"/providers/Microsoft.PowerApps/apis/shared_logicflows","displayName":"Quarterly Check Form to Spreadsheet","definition":{"metadata":{"workflowEntityId":null,"processAdvisorMetadata":null,"flowChargedByPaygo":null,"flowclientsuspensionreason":"None","flowclientsuspensiontime":null,"flowclientsuspensionreasondetails":null,"creator":{"id":"dc587589-4d07-4594-a939-98c484a0dbb8","type":"User","tenantId":"91956b69-c677-4a9b-ba8d-2f404b6d2c6e"},"provisioningMethod":"FromDefinition","failureAlertSubscription":true,"clientLastModifiedTime":"2023-08-09T13:28:07.8846224Z"},"$schema":"https://schema.management.azure.com/providers/Microsoft.Logic/schemas/2016-06-01/workflowdefinition.json#","contentVersion":"1.0.0.0","parameters":{"$connections":{"defaultValue":{},"type":"Object"},"$authentication":{"defaultValue":{},"type":"SecureObject"}},"triggers":{"When_a_new_response_is_submitted":{"splitOn":"@triggerOutputs()?['body/value']","metadata":{"operationMetadataId":"1622e911-b3bd-4692-8020-ca02c31e0e2b"},"type":"OpenApiConnectionWebhook","inputs":{"host":{"apiId":"/providers/Microsoft.PowerApps/apis/shared_microsoftforms","connectionName":"shared_microsoftforms","operationId":"CreateFormWebhook"},"parameters":{"form_id":"aWuVkXfGm0q6jS9AS20sbssKu8jvwstBoepEyHMdT_5URjRPTUJIRDBQRjgyUkI5VjMwVlY1UUpLRCQlQCN0PWcu"},"authentication":"@parameters('$authentication')"}}},"actions":{"Get_response_details":{"runAfter":{},"metadata":{"operationMetadataId":"dc6356e6-7298-4426-a9b5-2ec1df6f5aa6"},"type":"OpenApiConnection","inputs":{"host":{"apiId":"/providers/Microsoft.PowerApps/apis/shared_microsoftforms","connectionName":"shared_microsoftforms","operationId":"GetFormResponseById"},"parameters":{"form_id":"aWuVkXfGm0q6jS9AS20sbssKu8jvwstBoepEyHMdT_5URjRPTUJIRDBQRjgyUkI5VjMwVlY1UUpLRCQlQCN0PWcu","response_id":"@triggerOutputs()?['body/resourceData/responseId']"},"authentication":"@parameters('$authentication')"}},"Get_user_profile_(V2)":{"runAfter":{"Get_response_details":["Succeeded"]},"metadata":{"operationMetadataId":"d137a8fb-bf96-4be9-8297-c3b32cedcdcb"},"type":"OpenApiConnection","inputs":{"host":{"apiId":"/providers/Microsoft.PowerApps/apis/shared_office365users","connectionName":"shared_office365users","operationId":"UserProfile_V2"},"parameters":{"id":"@outputs('Get_response_details')?['body/responder']"},"authentication":"@parameters('$authentication')"}},"Convert_time_zone":{"runAfter":{"Get_manager_(V2)":["Succeeded"]},"metadata":{"operationMetadataId":"be40af49-d709-40a3-8015-90f12f0f790c"},"type":"Expression","kind":"ConvertTimeZone","inputs":{"baseTime":"@outputs('Get_response_details')?['body/submitDate']","formatString":"g","sourceTimeZone":"UTC","destinationTimeZone":"GMT Standard Time"}},"Get_manager_(V2)":{"runAfter":{"Get_user_profile_(V2)":["Succeeded"]},"metadata":{"operationMetadataId":"e06b0cad-a19e-4b31-8cc4-4ffc5bda3080"},"type":"OpenApiConnection","inputs":{"host":{"apiId":"/providers/Microsoft.PowerApps/apis/shared_office365users","connectionName":"shared_office365users","operationId":"Manager_V2"},"parameters":{"id":"@outputs('Get_user_profile_(V2)')?['body/userPrincipalName']"},"authentication":"@parameters('$authentication')"}},"Add_basic_data_into_a_table":{"runAfter":{"Convert_time_zone":["Succeeded"]},"metadata":{"01XX4MX7QLPNOGTMTAEZD2NWHH7F7QP6JE":"/General/17. Team Checks/Quarterly/Quarterly Checks.xlsx","operationMetadataId":"b42d4332-803e-4495-9bb9-a6af23aff156"},"type":"OpenApiConnection","inputs":{"host":{"apiId":"/providers/Microsoft.PowerApps/apis/shared_excelonlinebusiness","connectionName":"shared_excelonlinebusiness","operationId":"AddRowV2"},"parameters":{"source":"sites/sharedservicearvato.sharepoint.com,d7240416-51c7-479d-a4d6-ca03be005963,16e0b0f4-fe54-456d-9799-6ab6f4ab5fd0","drive":"b!FgQk18dRnUek1soDvgBZY_Sw4BZU_m1Fl5lqtvSrX9A3ptWWsB0OTbAHBW5a72wd","file":"01XX4MX7QLPNOGTMTAEZD2NWHH7F7QP6JE","table":"{B1BDD3E9-C611-49E1-9C57-3F55FD04E346}","item/Date":"@body('Convert_time_zone')","item/Engineer":"@outputs('Get_user_profile_(V2)')?['body/displayName']","item/Manager":"@outputs('Get_manager_(V2)')?['body/displayName']"},"authentication":"@parameters('$authentication')"}},"Add_Nessus_data_into_a_table":{"runAfter":{"Add_basic_data_into_a_table":["Succeeded"]},"metadata":{"01XX4MX7QLPNOGTMTAEZD2NWHH7F7QP6JE":"/General/17. Team Checks/Quarterly/Quarterly Checks.xlsx","operationMetadataId":"82ba3e1f-7546-4a31-bc57-fd602132eb92"},"type":"OpenApiConnection","inputs":{"host":{"apiId":"/providers/Microsoft.PowerApps/apis/shared_excelonlinebusiness","connectionName":"shared_excelonlinebusiness","operationId":"AddRowV2"},"parameters":{"source":"sites/sharedservicearvato.sharepoint.com,d7240416-51c7-479d-a4d6-ca03be005963,16e0b0f4-fe54-456d-9799-6ab6f4ab5fd0","drive":"b!FgQk18dRnUek1soDvgBZY_Sw4BZU_m1Fl5lqtvSrX9A3ptWWsB0OTbAHBW5a72wd","file":"01XX4MX7QLPNOGTMTAEZD2NWHH7F7QP6JE","table":"{4C1A1B6C-D949-4FC0-9F43-836418CED792}","item/Prod VPCs":"@outputs('Get_response_details')?['body/rfb75a06066a948cda597d98dd263ae4e']","item/Prod MGMT VPCs":"@outputs('Get_response_details')?['body/rf1679650ce2144f29261a894569489dc']","item/NP VPCs":"@outputs('Get_response_details')?['body/r9b25188b9dba4c48a161e864e16533fd']","item/Transit VPCs":"@outputs('Get_response_details')?['body/rb119a7a9566148869514b2f2cbef2a9f']","item/HS VPC":"@outputs('Get_response_details')?['body/r677a9bd9df264074807d9e99afb116a4']","item/Corp VPC":"@outputs('Get_response_details')?['body/rdf6ee2b6949740f9859bd5a1bd44973f']"},"authentication":"@parameters('$authentication')"}},"Add_AD_Review_data_into_a_table":{"runAfter":{"Add_Nessus_data_into_a_table":["Succeeded"]},"metadata":{"01XX4MX7QLPNOGTMTAEZD2NWHH7F7QP6JE":"/General/17. Team Checks/Quarterly/Quarterly Checks.xlsx","operationMetadataId":"32c41c08-64e2-4e5c-b70c-0ca532a19117"},"type":"OpenApiConnection","inputs":{"host":{"apiId":"/providers/Microsoft.PowerApps/apis/shared_excelonlinebusiness","connectionName":"shared_excelonlinebusiness","operationId":"AddRowV2"},"parameters":{"source":"sites/sharedservicearvato.sharepoint.com,d7240416-51c7-479d-a4d6-ca03be005963,16e0b0f4-fe54-456d-9799-6ab6f4ab5fd0","drive":"b!FgQk18dRnUek1soDvgBZY_Sw4BZU_m1Fl5lqtvSrX9A3ptWWsB0OTbAHBW5a72wd","file":"01XX4MX7QLPNOGTMTAEZD2NWHH7F7QP6JE","table":"{653AA209-D3D4-4732-9DDF-5700DFBA76F2}","item/SSC AD":"@outputs('Get_response_details')?['body/r0d26524bdbb34fe984a53e91d9efbdbc']","item/SSAP AD":"@outputs('Get_response_details')?['body/r0cf92613277445129f47c93ce034b657']","item/SSANP AD":"@outputs('Get_response_details')?['body/rd9b5e686e9d44ff0888fa06c640e28d2']","item/Notes":"@outputs('Get_response_details')?['body/r38d83ccbd6f141ffa01e5ba3612d4da6']"},"authentication":"@parameters('$authentication')"}},"Add_On_Site_data_into_a_table":{"runAfter":{"Add_AD_Review_data_into_a_table":["Succeeded"]},"metadata":{"01XX4MX7QLPNOGTMTAEZD2NWHH7F7QP6JE":"/General/17. Team Checks/Quarterly/Quarterly Checks.xlsx","operationMetadataId":"a408cebe-361d-4e53-9b1d-e212f050c2a2"},"type":"OpenApiConnection","inputs":{"host":{"apiId":"/providers/Microsoft.PowerApps/apis/shared_excelonlinebusiness","connectionName":"shared_excelonlinebusiness","operationId":"AddRowV2"},"parameters":{"source":"sites/sharedservicearvato.sharepoint.com,d7240416-51c7-479d-a4d6-ca03be005963,16e0b0f4-fe54-456d-9799-6ab6f4ab5fd0","drive":"b!FgQk18dRnUek1soDvgBZY_Sw4BZU_m1Fl5lqtvSrX9A3ptWWsB0OTbAHBW5a72wd","file":"01XX4MX7QLPNOGTMTAEZD2NWHH7F7QP6JE","table":"{0E56ED8C-FA43-4C69-B7C1-6E7E5AC5AD35}","item/Port Review":"@outputs('Get_response_details')?['body/rcb8e6927994741409eaaa03e36ab1909']","item/ITSM Review":"@outputs('Get_response_details')?['body/r9a5f2207c50f40eeaf95ca0f4aa71871']","item/Patching Review":"@outputs('Get_response_details')?['body/r30e4d1290d0a45eb803f097a311d169c']","item/Notes":"@outputs('Get_response_details')?['body/r902fc8f281454c68b8a4ebe3d0fa8659']"},"authentication":"@parameters('$authentication')"}}}},"connectionReferences":{"shared_microsoftforms":{"connectionName":"shared-microsoftform-f1f67fd9-8c8f-4f01-af2c-37fa3ea4cfac","source":"Embedded","id":"/providers/Microsoft.PowerApps/apis/shared_microsoftforms","tier":"NotSpecified"},"shared_office365users":{"connectionName":"shared-office365user-4e327a5e-8906-4f4f-8883-8c65d5ac4123","source":"Embedded","id":"/providers/Microsoft.PowerApps/apis/shared_office365users","tier":"NotSpecified"},"shared_excelonlinebusiness":{"connectionName":"642e0545bfee4264b61c8e3a6da978e9","source":"Embedded","id":"/providers/Microsoft.PowerApps/apis/shared_excelonlinebusiness","tier":"NotSpecified"}},"flowFailureAlertSubscribed":false,"isManaged":false}}