{"name":"d6287b9b-4c0f-4348-9180-503f0ebda0d2","id":"/providers/Microsoft.Flow/flows/d6287b9b-4c0f-4348-9180-503f0ebda0d2","type":"Microsoft.Flow/flows","properties":{"apiId":"/providers/Microsoft.PowerApps/apis/shared_logicflows","displayName":"FOSS Task Creation V1.1","definition":{"metadata":{"workflowEntityId":null,"processAdvisorMetadata":null,"flowChargedByPaygo":null,"flowclientsuspensionreason":"None","flowclientsuspensiontime":null,"flowclientsuspensionreasondetails":null,"creator":{"id":"dc587589-4d07-4594-a939-98c484a0dbb8","type":"User","tenantId":"91956b69-c677-4a9b-ba8d-2f404b6d2c6e"},"provisioningMethod":"FromDefinition","failureAlertSubscription":true,"clientLastModifiedTime":"2023-08-03T13:21:37.738666Z"},"$schema":"https://schema.management.azure.com/providers/Microsoft.Logic/schemas/2016-06-01/workflowdefinition.json#","contentVersion":"1.0.0.0","parameters":{"$connections":{"defaultValue":{},"type":"Object"},"$authentication":{"defaultValue":{},"type":"SecureObject"}},"triggers":{"When_a_new_email_arrives_in_a_shared_mailbox_(V2)":{"recurrence":{"frequency":"Minute","interval":5},"splitOn":"@triggerOutputs()?['body/value']","metadata":{"operationMetadataId":"5b2527ac-d90f-41c5-ad5f-5f933b123187","Id::AQMkADkyMDhmZDI4LTNkZTAtNGEwZi05NjhkLWRhOGVmNmQ3ZGZhMgAuAAAD9NCFEIorckO9HyIht29EaQEAwEin4D8PwUKHgHczKUY83wAAAgEMAAAA":"Inbox"},"type":"OpenApiConnection","inputs":{"host":{"apiId":"/providers/Microsoft.PowerApps/apis/shared_office365","connectionName":"shared_office365","operationId":"SharedMailboxOnNewEmailV2"},"parameters":{"mailboxAddress":"fossinfrastructure@sharedservicesarvato.co.uk;","folderId":"Id::AQMkADkyMDhmZDI4LTNkZTAtNGEwZi05NjhkLWRhOGVmNmQ3ZGZhMgAuAAAD9NCFEIorckO9HyIht29EaQEAwEin4D8PwUKHgHczKUY83wAAAgEMAAAA","importance":"Any","hasAttachments":false,"includeAttachments":false},"authentication":"@parameters('$authentication')"}}},"actions":{"Html_to_text":{"runAfter":{"Apply_to_each":["Succeeded"]},"metadata":{"operationMetadataId":"0959fdb8-a103-4a8b-b7da-88087f13346e"},"type":"OpenApiConnection","inputs":{"host":{"apiId":"/providers/Microsoft.PowerApps/apis/shared_conversionservice","connectionName":"shared_conversionservice","operationId":"HtmlToText"},"parameters":{"Content":"<p>@{triggerOutputs()?['body/body']}</p>"},"authentication":"@parameters('$authentication')"}},"Condition":{"actions":{"Compose":{"runAfter":{},"metadata":{"operationMetadataId":"dc366094-9242-461f-818b-558c1b895eb7"},"type":"Compose","inputs":"@concat(triggerOutputs()?['body/from'],outputs('Html_to_text')?['body'])"},"Create_a_task_2":{"runAfter":{"Convert_time_zone":["Succeeded"]},"metadata":{"operationMetadataId":"7d784db7-0a4c-4791-85fb-121eb792d935"},"type":"OpenApiConnection","inputs":{"host":{"apiId":"/providers/Microsoft.PowerApps/apis/shared_planner","connectionName":"shared_planner","operationId":"CreateTask_V3"},"parameters":{"body/groupId":"c8bb0acb-c2ef-41cb-a1ea-44c8731d4ffe","body/planId":"sPSvET6gAE6sDXlW2G20JJgAGnjW","body/title":"@triggerOutputs()?['body/subject']","body/bucketId":"KSGGrl5IBk6fCKLQ8HCC6pgACXo1","body/startDateTime":"@triggerOutputs()?['body/receivedDateTime']","body/dueDateTime":"@addDays(utcNow(),7)"},"authentication":"@parameters('$authentication')"}},"Delay_2":{"runAfter":{"Create_a_task_2":["Succeeded"]},"metadata":{"operationMetadataId":"85d75ec6-5a12-4b04-bfda-6c91a741939d"},"type":"Wait","inputs":{"interval":{"count":5,"unit":"Second"}}},"Update_a_task_(V2)_2":{"runAfter":{"Delay_2":["Succeeded"]},"metadata":{"operationMetadataId":"c5f0b797-3341-4496-af16-e2ad4b4d77dd"},"type":"OpenApiConnection","inputs":{"host":{"apiId":"/providers/Microsoft.PowerApps/apis/shared_planner","connectionName":"shared_planner","operationId":"UpdateTask_V3"},"parameters":{"id":"@outputs('Create_a_task_2')?['body/id']","body/title":"@triggerOutputs()?['body/subject']"},"authentication":"@parameters('$authentication')"}},"Convert_time_zone":{"runAfter":{"Compose":["Succeeded"]},"metadata":{"operationMetadataId":"32d1754d-b79a-47cb-9a1a-e0fcf0d0fc48"},"type":"Expression","kind":"ConvertTimeZone","inputs":{"baseTime":"@triggerOutputs()?['body/receivedDateTime']","formatString":"g","sourceTimeZone":"UTC","destinationTimeZone":"GMT Standard Time"}},"Apply_to_each_2":{"foreach":"@outputs('Search_for_users_(V2)')?['body/value']","actions":{"Update_task_details_2":{"runAfter":{},"metadata":{"operationMetadataId":"bdeb07d1-2585-42d2-b55e-2bf39987fde8"},"type":"OpenApiConnection","inputs":{"host":{"apiId":"/providers/Microsoft.PowerApps/apis/shared_planner","connectionName":"shared_planner","operationId":"UpdateTaskDetails_V2"},"parameters":{"id":"@outputs('Update_a_task_(V2)_2')?['body/id']","body/description":"-- This is the intial message for this task, no replies to this will be created. Always check the Infrastructure Shared Mailbox for additional replies and information --\n\nIncoming Mailbox - FOSS Infrastructure \nEmail Sent by - @{items('Apply_to_each_2')?['DisplayName']}\nEmail received - @{body('Convert_time_zone')}\n\n----- \n@{body('Html_to_text')}\n----- \nImported by Outlook 365 Email Infrastructure Shared Mailbox\n(Message ID:@{triggerOutputs()?['body/id']} ) "},"authentication":"@parameters('$authentication')"}}},"runAfter":{"Update_a_task_(V2)_2":["Succeeded"]},"metadata":{"operationMetadataId":"3c7ce8aa-cbfb-4232-8dc3-62ea6df4889d"},"type":"Foreach"},"Confirmation_Email":{"foreach":"@outputs('Search_for_users_(V2)')?['body/value']","actions":{"Send_an_email_from_a_shared_mailbox_(V2)":{"runAfter":{},"metadata":{"operationMetadataId":"e1c9f935-8d1b-4c39-893b-13dd383d5c87"},"type":"OpenApiConnection","inputs":{"host":{"apiId":"/providers/Microsoft.PowerApps/apis/shared_office365","connectionName":"shared_office365","operationId":"SharedMailboxSendEmailV2"},"parameters":{"emailMessage/MailboxAddress":"FOSSInfrastructure@sharedservicesarvato.co.uk","emailMessage/To":"@items('Confirmation_Email')?['Mail']","emailMessage/Subject":"Ticket Created","emailMessage/Body":"<p>Dear @{items('Confirmation_Email')?['GivenName']},<br>\n<br>\nThank you for emailing FOSS Infrastructure.<br>\n<br>\nYour request<strong> </strong><strong>@{outputs('Create_a_task_2')?['body/title']}</strong><strong> </strong>has been allocated for review and allocation.<br>\n<br>\nKind Regards,<br>\nICT Support Team<br>\n<br>\nArvato CRM Solutions, UK &amp; Ireland<br>\n<br>\n5 Sandringham Park<br>\nSwansea<br>\nSA7 0EA<br>\nwww.arvato.co.uk<br>\n<br>\n<span style=\"font-size: 8px\">This message is private and confidential. If you have received this message in error, please notify us and remove it from your system.<br>\nRegistered company details: Arvato Limited, One Fleet Place, London, EC4M 7WS. Registration number: 03923307 (England &amp; Wales).</span><br>\n<br>\n<br>\n* This is an automated system message *</p>"},"authentication":"@parameters('$authentication')"}}},"runAfter":{"Apply_to_each_2":["Succeeded"]},"metadata":{"operationMetadataId":"8462469b-9ba7-4de3-818a-57d896014222"},"type":"Foreach"}},"runAfter":{"Html_to_text":["Succeeded"]},"expression":{"and":[{"not":{"startsWith":["@triggerOutputs()?['body/subject']","Re:"]}},{"not":{"contains":["@triggerOutputs()?['body/from']","mobilisecloud.atlassian.net"]}}]},"metadata":{"operationMetadataId":"1e822bbd-c481-4d33-b7aa-e5237492c668"},"type":"If"},"Search_for_users_(V2)":{"runAfter":{},"metadata":{"operationMetadataId":"247baafa-bd05-4d60-abd9-9d72609dd417"},"type":"OpenApiConnection","inputs":{"host":{"apiId":"/providers/Microsoft.PowerApps/apis/shared_office365users","connectionName":"shared_office365users_1","operationId":"SearchUserV2"},"parameters":{"searchTerm":"@triggerOutputs()?['body/from']","top":1},"authentication":"@parameters('$authentication')"}},"Apply_to_each":{"foreach":"@outputs('Search_for_users_(V2)')?['body/value']","actions":{"Get_user_profile_(V2)":{"runAfter":{},"metadata":{"operationMetadataId":"e76c8b15-3ba4-4d2c-aae9-06bed23287b0"},"type":"OpenApiConnection","inputs":{"host":{"apiId":"/providers/Microsoft.PowerApps/apis/shared_office365users","connectionName":"shared_office365users_1","operationId":"UserProfile_V2"},"parameters":{"id":"@items('Apply_to_each')?['Id']"},"authentication":"@parameters('$authentication')"}}},"runAfter":{"Search_for_users_(V2)":["Succeeded"]},"metadata":{"operationMetadataId":"96bf3e10-e949-4cc1-a044-6dc6fa8d4383"},"type":"Foreach"}}},"connectionReferences":{"shared_conversionservice":{"connectionName":"shared-conversionser-aea2a3aa-1884-4335-a2c5-219299227790","source":"Embedded","id":"/providers/Microsoft.PowerApps/apis/shared_conversionservice","tier":"NotSpecified"},"shared_planner":{"connectionName":"shared-planner-185b6127-40bc-4228-9854-5567f17894ff","source":"Embedded","id":"/providers/Microsoft.PowerApps/apis/shared_planner","tier":"NotSpecified"},"shared_office365":{"connectionName":"shared-office365-194a1267-664a-4b72-a801-fb85834f16c4","source":"Embedded","id":"/providers/Microsoft.PowerApps/apis/shared_office365","tier":"NotSpecified"},"shared_office365users_1":{"connectionName":"shared-office365user-4e327a5e-8906-4f4f-8883-8c65d5ac4123","source":"Embedded","id":"/providers/Microsoft.PowerApps/apis/shared_office365users","tier":"NotSpecified"}},"flowFailureAlertSubscribed":false,"isManaged":false}}