{"name":"4fba0b46-e117-4bc9-8bae-2bf1df9c0288","id":"/providers/Microsoft.Flow/flows/4fba0b46-e117-4bc9-8bae-2bf1df9c0288","type":"Microsoft.Flow/flows","properties":{"apiId":"/providers/Microsoft.PowerApps/apis/shared_logicflows","displayName":"Email Moves - 365 Notifications","definition":{"metadata":{"workflowEntityId":null,"processAdvisorMetadata":null,"flowclientsuspensionreason":"AllActionsFailingDetected","flowclientsuspensiontime":"2023-10-21T20:37:35.2545754Z","flowclientsuspensionreasondetails":null,"creator":{"id":"dc587589-4d07-4594-a939-98c484a0dbb8","type":"User","tenantId":"91956b69-c677-4a9b-ba8d-2f404b6d2c6e"},"provisioningMethod":"FromDefinition","failureAlertSubscription":true,"clientLastModifiedTime":"2022-11-18T17:30:07.7737795Z","flowChargedByPaygo":null,"connectionKeySavedTimeKey":"2023-10-21T20:37:35.2545754Z"},"$schema":"https://schema.management.azure.com/providers/Microsoft.Logic/schemas/2016-06-01/workflowdefinition.json#","contentVersion":"1.0.0.0","parameters":{"$connections":{"defaultValue":{},"type":"Object"},"$authentication":{"defaultValue":{},"type":"SecureObject"}},"triggers":{"When_a_new_email_arrives_in_a_shared_mailbox":{"recurrence":{"frequency":"Minute","interval":5},"splitOn":"@triggerBody()?['value']","metadata":{"flowSystemMetadata":{"swaggerOperationId":"SharedMailboxOnNewEmail"},"Id::AAMkADAwNmM1ODQ0LWVmYmUtNGQ0YS1iYThlLTU2YjdlYTUzMTdlOAAuAAAAAACElR5EGXXOTKIDJK8O_6nKAQBB0ywwePfoQ5CwpdqGAfbIAAAAAAEMAAA=":"Inbox","operationMetadataId":"e0c4819f-bf4e-4229-9c6a-220af38e7800"},"type":"ApiConnection","inputs":{"host":{"connection":{"name":"@parameters('$connections')['shared_office365']['connectionId']"},"api":{"runtimeUrl":"https://uk-001.azure-apim.net/apim/office365"}},"method":"get","path":"/SharedMailbox/Mail/OnNewEmail","queries":{"mailboxAddress":"windowssupport@sharedservicesarvato.co.uk;","folderId":"Id::AAMkADAwNmM1ODQ0LWVmYmUtNGQ0YS1iYThlLTU2YjdlYTUzMTdlOAAuAAAAAACElR5EGXXOTKIDJK8O_6nKAQBB0ywwePfoQ5CwpdqGAfbIAAAAAAEMAAA=","from":"o365mc@microsoft.com","importance":"Any","hasAttachments":false,"includeAttachments":false},"authentication":"@parameters('$authentication')"}}},"actions":{"Move_email_(V2)":{"runAfter":{},"metadata":{"Id::AAMkADAwNmM1ODQ0LWVmYmUtNGQ0YS1iYThlLTU2YjdlYTUzMTdlOAAuAAAAAACElR5EGXXOTKIDJK8O_6nKAQBB0ywwePfoQ5CwpdqGAfbIAAFiZ0qHAAA=":"365 Notifications","operationMetadataId":"a348ecc0-6725-42e8-a8cd-9e6f062584c0","flowSystemMetadata":{"swaggerOperationId":"MoveV2"}},"type":"ApiConnection","inputs":{"host":{"connection":{"name":"@parameters('$connections')['shared_office365_1']['connectionId']"},"api":{"runtimeUrl":"https://uk-001.azure-apim.net/apim/office365"}},"method":"post","path":"/v2/Mail/Move/@{encodeURIComponent(triggerBody()?['Id'])}","queries":{"folderPath":"Id::AAMkADAwNmM1ODQ0LWVmYmUtNGQ0YS1iYThlLTU2YjdlYTUzMTdlOAAuAAAAAACElR5EGXXOTKIDJK8O_6nKAQBB0ywwePfoQ5CwpdqGAfbIAAFiZ0qHAAA="},"authentication":"@parameters('$authentication')"}}},"outputs":{},"description":"When a notification email arrives from O365 it's moved to a separate folder."},"connectionReferences":{"shared_office365":{"connectionName":"shared-office365-194a1267-664a-4b72-a801-fb85834f16c4","source":"Embedded","id":"/providers/Microsoft.PowerApps/apis/shared_office365","tier":"NotSpecified"},"shared_office365_1":{"connectionName":"shared-office365-a7eba332-c245-48d5-967d-c0d47c478d5d","source":"Embedded","id":"/providers/Microsoft.PowerApps/apis/shared_office365","tier":"NotSpecified"}},"flowFailureAlertSubscribed":false,"isManaged":false}}