{"name":"e35a7ace-594a-4ed4-b0a2-fee100ef01e2","id":"/providers/Microsoft.Flow/flows/e35a7ace-594a-4ed4-b0a2-fee100ef01e2","type":"Microsoft.Flow/flows","properties":{"apiId":"/providers/Microsoft.PowerApps/apis/shared_logicflows","displayName":"Weekly Check Form to Task and Approval","definition":{"metadata":{"workflowEntityId":null,"processAdvisorMetadata":null,"flowChargedByPaygo":null,"flowclientsuspensionreason":"None","flowclientsuspensiontime":null,"flowclientsuspensionreasondetails":null,"creator":{"id":"dc587589-4d07-4594-a939-98c484a0dbb8","type":"User","tenantId":"91956b69-c677-4a9b-ba8d-2f404b6d2c6e"},"provisioningMethod":"FromDefinition","failureAlertSubscription":true,"clientLastModifiedTime":"2023-08-09T10:12:13.6717985Z"},"$schema":"https://schema.management.azure.com/providers/Microsoft.Logic/schemas/2016-06-01/workflowdefinition.json#","contentVersion":"1.0.0.0","parameters":{"$connections":{"defaultValue":{},"type":"Object"},"$authentication":{"defaultValue":{},"type":"SecureObject"}},"triggers":{"When_a_new_response_is_submitted":{"splitOn":"@triggerOutputs()?['body/value']","metadata":{"operationMetadataId":"c04c3e05-3ec3-4825-ac81-157521dae3e9"},"type":"OpenApiConnectionWebhook","inputs":{"host":{"apiId":"/providers/Microsoft.PowerApps/apis/shared_microsoftforms","connectionName":"shared_microsoftforms","operationId":"CreateFormWebhook"},"parameters":{"form_id":"aWuVkXfGm0q6jS9AS20sbssKu8jvwstBoepEyHMdT_5UQlFWOUkxVFY3T1ZGNkpSRFFEUFRBRUxUQSQlQCN0PWcu"},"authentication":"@parameters('$authentication')"}}},"actions":{"Get_response_details":{"runAfter":{},"metadata":{"operationMetadataId":"ef2dbf8f-b66f-4854-8dd9-ff705ef6d957"},"type":"OpenApiConnection","inputs":{"host":{"apiId":"/providers/Microsoft.PowerApps/apis/shared_microsoftforms","connectionName":"shared_microsoftforms","operationId":"GetFormResponseById"},"parameters":{"form_id":"aWuVkXfGm0q6jS9AS20sbssKu8jvwstBoepEyHMdT_5UQlFWOUkxVFY3T1ZGNkpSRFFEUFRBRUxUQSQlQCN0PWcu","response_id":"@triggerOutputs()?['body/resourceData/responseId']"},"authentication":"@parameters('$authentication')"}},"Post_message_in_a_chat_or_channel":{"runAfter":{"Apply_to_each":["Succeeded"]},"metadata":{"operationMetadataId":"2a420c49-6463-4d66-b0d1-06b495485491"},"type":"OpenApiConnection","inputs":{"host":{"apiId":"/providers/Microsoft.PowerApps/apis/shared_teams","connectionName":"shared_teams","operationId":"PostMessageToConversation"},"parameters":{"poster":"Flow bot","location":"Channel","body/recipient/groupId":"c8bb0acb-c2ef-41cb-a1ea-44c8731d4ffe","body/recipient/channelId":"19:0f87bf7b5e194e358f2fe18269496bcc@thread.tacv2","body/messageBody":"<p>@{outputs('Create_a_task_2')?['body/title']} - is ready for review by @{outputs('Get_manager_(V2)')?['body/displayName']}<br>\n<br>\nReview submitted by @{outputs('Get_user_profile_(V2)')?['body/givenName']} at @{body('Convert_time_zone')}<br>\n<br>\n----------------------------------------------<br>\n<br>\n<span style=\"font-size: 10px\"><em><strong>Automated message created by the ICT Infrastructure Bot</strong></em></span><br>\n</p>"},"authentication":"@parameters('$authentication')"}},"Search_for_users_(V2)":{"runAfter":{"Get_response_details":["Succeeded"]},"metadata":{"operationMetadataId":"9874e0e5-01e9-4615-b35f-10dfa801d0a5"},"type":"OpenApiConnection","inputs":{"host":{"apiId":"/providers/Microsoft.PowerApps/apis/shared_office365users","connectionName":"shared_office365users","operationId":"SearchUserV2"},"parameters":{"searchTerm":"@outputs('Get_response_details')?['body/responder']","isSearchTermRequired":true},"authentication":"@parameters('$authentication')"}},"Get_user_profile_(V2)":{"runAfter":{"Search_for_users_(V2)":["Succeeded"]},"metadata":{"operationMetadataId":"a2ab6efb-3313-4364-a056-ad1868cff655"},"type":"OpenApiConnection","inputs":{"host":{"apiId":"/providers/Microsoft.PowerApps/apis/shared_office365users","connectionName":"shared_office365users","operationId":"UserProfile_V2"},"parameters":{"id":"@outputs('Get_response_details')?['body/responder']"},"authentication":"@parameters('$authentication')"}},"Get_manager_(V2)":{"runAfter":{"Get_user_profile_(V2)":["Succeeded"]},"metadata":{"operationMetadataId":"bfb8f997-ce66-43e6-9db9-29a9fb9b68a1"},"type":"OpenApiConnection","inputs":{"host":{"apiId":"/providers/Microsoft.PowerApps/apis/shared_office365users","connectionName":"shared_office365users","operationId":"Manager_V2"},"parameters":{"id":"@outputs('Get_response_details')?['body/responder']"},"authentication":"@parameters('$authentication')"}},"Convert_time_zone":{"runAfter":{"Get_manager_(V2)":["Succeeded"]},"metadata":{"operationMetadataId":"622d1a5f-5b81-4322-8a1e-ba237bfcd79b"},"type":"Expression","kind":"ConvertTimeZone","inputs":{"baseTime":"@outputs('Get_response_details')?['body/submitDate']","formatString":"g","sourceTimeZone":"UTC","destinationTimeZone":"GMT Standard Time"}},"Create_a_task_2":{"runAfter":{"Convert_time_zone":["Succeeded"]},"metadata":{"operationMetadataId":"b94c4e02-b44e-472f-af91-5d5a5d515d01"},"type":"OpenApiConnection","inputs":{"host":{"apiId":"/providers/Microsoft.PowerApps/apis/shared_planner","connectionName":"shared_planner","operationId":"CreateTask_V4"},"parameters":{"body/groupId":"c8bb0acb-c2ef-41cb-a1ea-44c8731d4ffe","body/planId":"sPSvET6gAE6sDXlW2G20JJgAGnjW","body/title":"Weekly Checks Review - @{body('Convert_time_zone')}","body/bucketId":"ayo7Qu5Xf0KLlqCVzbNRsZgANd7U","body/dueDateTime":"@addDays(utcNow(),3)","body/appliedCategories/category11":true,"body/priority":4},"authentication":"@parameters('$authentication')"}},"Apply_to_each":{"foreach":"@outputs('Search_for_users_(V2)')?['body/value']","actions":{"Update_task_details":{"runAfter":{},"metadata":{"operationMetadataId":"8db506fd-a157-4542-94ea-93cc8f240cbb"},"type":"OpenApiConnection","inputs":{"host":{"apiId":"/providers/Microsoft.PowerApps/apis/shared_planner","connectionName":"shared_planner","operationId":"UpdateTaskDetails_V2"},"parameters":{"id":"@outputs('Create_a_task_2')?['body/id']","body/description":"Details of the Check\n\nCheck submitted by - @{items('Apply_to_each')?['DisplayName']} on @{body('Convert_time_zone')}\n\nTeam Checks and Tasks:\nAD Review - @{outputs('Get_response_details')?['body/r7055c36e78504b09a5e440f0c7877cab']}\nBuild Lab Tidy / Clean - @{outputs('Get_response_details')?['body/rabafd849c24840be8a985aaa2ec484f3']}\nMeeting Room Cable Checks - @{outputs('Get_response_details')?['body/r93f73c38c1a042bbb779ccecb23a2c7e']}\nNotes - @{outputs('Get_response_details')?['body/ra80a15d01ad3492c98026969acd4af81']}\n\nNew MCA Starters:\nCreate MCA Users in Non Prod AD - @{outputs('Get_response_details')?['body/rd1093b49f4624f1cb64ca4ab1014f3bd']}\nCreate MCA Users in Non Prod IDGuard - @{outputs('Get_response_details')?['body/r3954f4412e284dc596551b7de690addb']}\nCreate MCA Users in Prod AD - @{outputs('Get_response_details')?['body/r6d98a311a20245f5b41a1c5b80df7020']}\nCreate MCA Users in Prod IDGuard - @{outputs('Get_response_details')?['body/rb0d3f9ece01341329e0d727b8f32469f']}\nNotes - @{outputs('Get_response_details')?['body/r849ada2ae701471194baf75ec414428e']}\n\nMCA Leavers: \nDisable MCA Users in Non Prod AD - @{outputs('Get_response_details')?['body/r2d904f5d9fc04451bc109dc6643b5a66']}\nDisable MCA Users in Prod AD - @{outputs('Get_response_details')?['body/r0df0cb316f674ac6a6eab4caab3ed1db']}\nNotes - @{outputs('Get_response_details')?['body/r2ceb111773c641fbb299c793f629f97c']}\n\nAttachments - @{variables('ScreenShotLink')}\n\n--------------------------------------------------------------\nDebug Notes:\nTask ID: @{outputs('Create_a_task_2')?['body/id']} / Bucket ID: @{outputs('Create_a_task_2')?['body/bucketId']} / Plan ID: @{outputs('Create_a_task_2')?['body/planId']}"},"authentication":"@parameters('$authentication')"}}},"runAfter":{"Initialize_variable":["Succeeded"]},"metadata":{"operationMetadataId":"8eb0b15d-7ad4-4e91-b550-b40a97db20f7"},"type":"Foreach"},"Delay":{"runAfter":{"Copy_folder":["Succeeded"]},"metadata":{"operationMetadataId":"6ee8fd86-3732-45f7-a88c-8e1df83fa42a"},"type":"Wait","inputs":{"interval":{"count":5,"unit":"Second"}}},"Start_and_wait_for_an_approval":{"runAfter":{"Apply_to_each_3":["Succeeded"]},"metadata":{"operationMetadataId":"d083c31c-f15b-4634-9c7f-66cecaab9860"},"type":"OpenApiConnectionWebhook","inputs":{"host":{"apiId":"/providers/Microsoft.PowerApps/apis/shared_approvals","connectionName":"shared_approvals","operationId":"StartAndWaitForAnApproval"},"parameters":{"approvalType":"Basic","WebhookApprovalCreationInput/title":"@outputs('Create_a_task_2')?['body/title']","WebhookApprovalCreationInput/assignedTo":"@{outputs('Get_manager_(V2)')?['body/mail']};","WebhookApprovalCreationInput/details":"Please see the task link below - review and sbmit the approval or rejection.\nAdd notes if needed.","WebhookApprovalCreationInput/itemLink":"https://tasks.office.com/sharedservicearvato.onmicrosoft.com/Home/Task/@{outputs('Create_a_task_2')?['body/id']}","WebhookApprovalCreationInput/itemLinkDescription":"@outputs('Create_a_task_2')?['body/title']","WebhookApprovalCreationInput/requestor":"@{outputs('Get_user_profile_(V2)')?['body/mail']};","WebhookApprovalCreationInput/enableNotifications":true,"WebhookApprovalCreationInput/enableReassignment":true},"authentication":"@parameters('$authentication')"}},"Convert_time_zone_-_Approval":{"runAfter":{"Start_and_wait_for_an_approval":["Succeeded"]},"metadata":{"operationMetadataId":"ef949683-d5e6-4e6c-bf52-bb8b47357b5e"},"type":"Expression","kind":"ConvertTimeZone","inputs":{"baseTime":"@outputs('Start_and_wait_for_an_approval')?['body/completionDate']","formatString":"g","sourceTimeZone":"UTC","destinationTimeZone":"GMT Standard Time"}},"Apply_to_each_3":{"foreach":"@outputs('Search_for_users_(V2)')?['body/value']","actions":{"Send_an_email_(V2)":{"runAfter":{},"metadata":{"operationMetadataId":"77be3d89-6e38-4d27-bbcf-be8b756dba4d"},"type":"OpenApiConnection","inputs":{"host":{"apiId":"/providers/Microsoft.PowerApps/apis/shared_office365","connectionName":"shared_office365","operationId":"SendEmailV2"},"parameters":{"emailMessage/To":"james.buller@sharedservicesarvato.co.uk;Jacob.Cossins@sharedservicesarvato.co.uk;kevin.feathers@sharedservicesarvato.co.uk;aamir.miah@sharedservicesarvato.co.uk;liam.isaac@sharedservicesarvato.co.uk","emailMessage/Subject":"ICT Infrastructure - Weekly Checks for @{formatDateTime(utcNow(),'dd/MM/yyyy')}","emailMessage/Body":"<p>All,<br>\n<br>\nChecks have been completed for @{formatDateTime(utcNow(),'dd/MM/yyyy')}.<br>\n<br>\n<em><strong>Team Checks and Tasks:<br>\n</strong></em>AD Review - @{outputs('Get_response_details')?['body/r7055c36e78504b09a5e440f0c7877cab']}<br>\nBuild Lab Tidy / Clean - @{outputs('Get_response_details')?['body/rabafd849c24840be8a985aaa2ec484f3']}<br>\nMeeting Room Cable Checks - @{outputs('Get_response_details')?['body/r93f73c38c1a042bbb779ccecb23a2c7e']}<br>\nNotes - <em><strong></strong></em><em><strong>@{outputs('Get_response_details')?['body/ra80a15d01ad3492c98026969acd4af81']}</strong></em><em><strong><br>\n<br>\nNew MCA Starters:<br>\n</strong></em>Create MCA Users in Non Prod AD - @{outputs('Get_response_details')?['body/rd1093b49f4624f1cb64ca4ab1014f3bd']}<br>\nCreate MCA Users in Non Prod IDGuard - @{outputs('Get_response_details')?['body/r3954f4412e284dc596551b7de690addb']}<br>\nCreate MCA Users in Prod AD - @{outputs('Get_response_details')?['body/r6d98a311a20245f5b41a1c5b80df7020']}<br>\nCreate MCA Users in Prod IDGuard - @{outputs('Get_response_details')?['body/rb0d3f9ece01341329e0d727b8f32469f']}<br>\nNotes - @{outputs('Get_response_details')?['body/r849ada2ae701471194baf75ec414428e']}<em><strong><br>\n<br>\n</strong></em>MCA Leavers:<br>\nDisable MCA Users in Non Prod AD - @{outputs('Get_response_details')?['body/r2d904f5d9fc04451bc109dc6643b5a66']}<br>\nDisable MCA Users in Prod AD - @{outputs('Get_response_details')?['body/r0df0cb316f674ac6a6eab4caab3ed1db']}<br>\nNotes - @{outputs('Get_response_details')?['body/r2ceb111773c641fbb299c793f629f97c']}<br>\n<br>\nAttachments - @{variables('ScreenShotLink')}<em><strong><br>\n<br>\n</strong></em><em><strong>@{outputs('Get_user_profile_(V2)')?['body/displayName']}</strong></em><em><strong></strong></em><br>\n@{outputs('Get_user_profile_(V2)')?['body/jobTitle']}<br>\nArvato CRM Solutions, UK &amp; Ireland<br>\n--------------------------------------------------<br>\n5 Sandringham Park<br>\nSwansea<br>\nSA7 0EA<br>\nwww.arvato.co.uk<br>\n<br>\n<br>\n*Email sent automatically based on submission of the Morning Checks<br>\nDebug Info: @{outputs('Post_message_in_a_chat_or_channel')?['body/messageLink']} / @{outputs('Post_message_in_a_chat_or_channel')?['body/id']}<br>\n</p>","emailMessage/From":"windowssupport@sharedservicesarvato.co.uk","emailMessage/Cc":"daniel.oxenham@sharedservicesarvato.co.uk;dan.morgan@sharedservicesarvato.co.uk","emailMessage/Importance":"Normal"},"authentication":"@parameters('$authentication')"}}},"runAfter":{"Post_message_in_a_chat_or_channel":["Succeeded"]},"metadata":{"operationMetadataId":"63f7fc7e-2566-4ac0-83e8-cee0620b7bca"},"type":"Foreach"},"Create_new_folder":{"runAfter":{"Create_a_task_2":["Succeeded"]},"metadata":{"operationMetadataId":"fa0178d9-2ce4-475d-9cbb-46bfec8019b1"},"type":"OpenApiConnection","inputs":{"host":{"apiId":"/providers/Microsoft.PowerApps/apis/shared_sharepointonline","connectionName":"shared_sharepointonline","operationId":"CreateNewFolder"},"parameters":{"dataset":"https://sharedservicearvato.sharepoint.com/sites/ICTInfrastructure711","table":"96d5a637-1db0-4d0e-b007-056e5aef6c1d","parameters/path":"General/17. Team Checks/Weekly/Attachments/@{formatDateTime(utcNow(),'ddMMyyyy')}"},"authentication":"@parameters('$authentication')"}},"Copy_folder":{"runAfter":{"Create_new_folder":["Succeeded"]},"metadata":{"%252fShared%2bDocuments%252fApps%252fMicrosoft%2bForms%252fICT%2bInfrastructure%2b-%2bWeekly%2bChecks%252fScreenshot%2bAttachments":"/Shared Documents/Apps/Microsoft Forms/ICT Infrastructure - Weekly Checks/Screenshot Attachments","operationMetadataId":"6114d3df-f1b9-4726-9335-483127ed0a4b","%252fShared%2bDocuments%252fApps%252fMicrosoft%2bForms%252fICT%2bInfrastructure%2b-%2bWeekly%2bChecks%252fQuestion":"/Shared Documents/Apps/Microsoft Forms/ICT Infrastructure - Weekly Checks/Question"},"type":"OpenApiConnection","inputs":{"host":{"apiId":"/providers/Microsoft.PowerApps/apis/shared_sharepointonline","connectionName":"shared_sharepointonline","operationId":"CopyFolderAsync"},"parameters":{"dataset":"https://sharedservicearvato.sharepoint.com/sites/ICTInfrastructure711","parameters/sourceFolderId":"%252fShared%2bDocuments%252fApps%252fMicrosoft%2bForms%252fICT%2bInfrastructure%2b-%2bWeekly%2bChecks%252fQuestion","parameters/destinationDataset":"https://sharedservicearvato.sharepoint.com/sites/ICTInfrastructure711","parameters/destinationFolderPath":"/Shared Documents/General/17. Team Checks/Weekly/Attachments/@{formatDateTime(utcNow(),'ddMMyyyy')}","parameters/nameConflictBehavior":2},"authentication":"@parameters('$authentication')"}},"Initialize_variable":{"runAfter":{"Delay":["Succeeded"]},"metadata":{"operationMetadataId":"d6d3b727-211c-49d5-ac11-f7acc12d3673"},"type":"InitializeVariable","inputs":{"variables":[{"name":"ScreenShotLink","type":"string","value":"https://sharedservicearvato.sharepoint.com/:f:/s/ICTInfrastructure711/Eowh6SC_5-BDibNYAUFsxqwBPzgvfIOy9--orlWzqYTkvQ?e=UhsD7P"}]}},"Apply_to_each_2":{"foreach":"@outputs('Start_and_wait_for_an_approval')?['body/responses']","actions":{"Add_a_row_into_a_table":{"runAfter":{},"metadata":{"01XX4MX7S3C34R5NWQ4RBLTAN2CHFRYNCQ":"/General/17. Team Checks/Weekly/Weekly Checks.xlsx","operationMetadataId":"cf767786-df69-4cd1-9099-dbade75f5e9d","tableId":"{3E5B5E12-E691-4AD3-80EE-8E3260546AE4}"},"type":"OpenApiConnection","inputs":{"host":{"apiId":"/providers/Microsoft.PowerApps/apis/shared_excelonlinebusiness","connectionName":"shared_excelonlinebusiness","operationId":"AddRowV2"},"parameters":{"source":"sites/sharedservicearvato.sharepoint.com,d7240416-51c7-479d-a4d6-ca03be005963,16e0b0f4-fe54-456d-9799-6ab6f4ab5fd0","drive":"b!FgQk18dRnUek1soDvgBZY_Sw4BZU_m1Fl5lqtvSrX9A3ptWWsB0OTbAHBW5a72wd","file":"01XX4MX7S3C34R5NWQ4RBLTAN2CHFRYNCQ","table":"{3E5B5E12-E691-4AD3-80EE-8E3260546AE4}","item/Status":"@outputs('Start_and_wait_for_an_approval')?['body/outcome']","item/Approver":"@items('Apply_to_each_2')?['responder/displayName']","item/Date":"@body('Convert_time_zone_-_Approval')","item/Notes":"@items('Apply_to_each_2')?['comments']"},"authentication":"@parameters('$authentication')"}}},"runAfter":{"Convert_time_zone_-_Approval":["Succeeded"]},"metadata":{"operationMetadataId":"b8858e20-871b-4e1b-b6dd-50573a2aba10"},"type":"Foreach"}},"outputs":{},"description":"Create task in Planner when a new response is submitted from Microsoft Forms and also post message to my team in Microsoft Teams."},"connectionReferences":{"shared_microsoftforms":{"connectionName":"shared-microsoftform-f1f67fd9-8c8f-4f01-af2c-37fa3ea4cfac","source":"Embedded","id":"/providers/Microsoft.PowerApps/apis/shared_microsoftforms","tier":"NotSpecified"},"shared_teams":{"connectionName":"shared-teams-d877f25a-d212-49cd-ba03-46bcfcb69d7e","source":"Embedded","id":"/providers/Microsoft.PowerApps/apis/shared_teams","tier":"NotSpecified"},"shared_office365users":{"connectionName":"shared-office365user-4e327a5e-8906-4f4f-8883-8c65d5ac4123","source":"Embedded","id":"/providers/Microsoft.PowerApps/apis/shared_office365users","tier":"NotSpecified"},"shared_planner":{"connectionName":"shared-planner-185b6127-40bc-4228-9854-5567f17894ff","source":"Embedded","id":"/providers/Microsoft.PowerApps/apis/shared_planner","tier":"NotSpecified"},"shared_approvals":{"connectionName":"shared-approvals-dc70db5c-5a73-46f5-a8a7-7b471bc94892","source":"Embedded","id":"/providers/Microsoft.PowerApps/apis/shared_approvals","tier":"NotSpecified"},"shared_office365":{"connectionName":"shared-office365-194a1267-664a-4b72-a801-fb85834f16c4","source":"Embedded","id":"/providers/Microsoft.PowerApps/apis/shared_office365","tier":"NotSpecified"},"shared_sharepointonline":{"connectionName":"38eb2683462f43328e6d37219c0635cb","source":"Embedded","id":"/providers/Microsoft.PowerApps/apis/shared_sharepointonline","tier":"NotSpecified"},"shared_excelonlinebusiness":{"connectionName":"642e0545bfee4264b61c8e3a6da978e9","source":"Embedded","id":"/providers/Microsoft.PowerApps/apis/shared_excelonlinebusiness","tier":"NotSpecified"}},"flowFailureAlertSubscribed":false,"isManaged":false}}