{"name":"8a3a0f7f-1b46-4b4b-995d-ff4cfe0b2fe7","id":"/providers/Microsoft.Flow/flows/8a3a0f7f-1b46-4b4b-995d-ff4cfe0b2fe7","type":"Microsoft.Flow/flows","properties":{"apiId":"/providers/Microsoft.PowerApps/apis/shared_logicflows","displayName":"Morning Task to Spreadsheet - Services","definition":{"metadata":{"workflowEntityId":null,"processAdvisorMetadata":null,"flowChargedByPaygo":null,"flowclientsuspensionreason":"None","flowclientsuspensiontime":null,"flowclientsuspensionreasondetails":null,"creator":{"id":"dc587589-4d07-4594-a939-98c484a0dbb8","type":"User","tenantId":"91956b69-c677-4a9b-ba8d-2f404b6d2c6e"},"provisioningMethod":"FromDefinition","failureAlertSubscription":true,"clientLastModifiedTime":"2024-01-04T08:58:49.2832419Z","connectionKeySavedTimeKey":"2024-01-04T08:58:49.2832419Z"},"$schema":"https://schema.management.azure.com/providers/Microsoft.Logic/schemas/2016-06-01/workflowdefinition.json#","contentVersion":"1.0.0.0","parameters":{"$connections":{"defaultValue":{},"type":"Object"},"$authentication":{"defaultValue":{},"type":"SecureObject"}},"triggers":{"When_a_new_response_is_submitted":{"splitOn":"@triggerOutputs()?['body/value']","metadata":{"operationMetadataId":"1622e911-b3bd-4692-8020-ca02c31e0e2b"},"type":"OpenApiConnectionWebhook","inputs":{"host":{"apiId":"/providers/Microsoft.PowerApps/apis/shared_microsoftforms","connectionName":"shared_microsoftforms_1","operationId":"CreateFormWebhook"},"parameters":{"form_id":"aWuVkXfGm0q6jS9AS20sbssKu8jvwstBoepEyHMdT_5UMUFDVkY3MEk2N1kzOTM5Q1lJTkxUN0RVTCQlQCN0PWcu"},"authentication":"@parameters('$authentication')"}}},"actions":{"Get_response_details":{"runAfter":{},"metadata":{"operationMetadataId":"dc6356e6-7298-4426-a9b5-2ec1df6f5aa6"},"type":"OpenApiConnection","inputs":{"host":{"apiId":"/providers/Microsoft.PowerApps/apis/shared_microsoftforms","connectionName":"shared_microsoftforms_1","operationId":"GetFormResponseById"},"parameters":{"form_id":"aWuVkXfGm0q6jS9AS20sbssKu8jvwstBoepEyHMdT_5UMUFDVkY3MEk2N1kzOTM5Q1lJTkxUN0RVTCQlQCN0PWcu","response_id":"@triggerOutputs()?['body/resourceData/responseId']"},"authentication":"@parameters('$authentication')"}},"Get_user_profile_(V2)":{"runAfter":{"Get_response_details":["Succeeded"]},"metadata":{"operationMetadataId":"d137a8fb-bf96-4be9-8297-c3b32cedcdcb"},"type":"OpenApiConnection","inputs":{"host":{"apiId":"/providers/Microsoft.PowerApps/apis/shared_office365users","connectionName":"shared_office365users_1","operationId":"UserProfile_V2"},"parameters":{"id":"@outputs('Get_response_details')?['body/responder']"},"authentication":"@parameters('$authentication')"}},"Convert_time_zone":{"runAfter":{"Get_manager_(V2)":["Succeeded"]},"metadata":{"operationMetadataId":"be40af49-d709-40a3-8015-90f12f0f790c"},"type":"Expression","kind":"ConvertTimeZone","inputs":{"baseTime":"@outputs('Get_response_details')?['body/submitDate']","formatString":"g","sourceTimeZone":"UTC","destinationTimeZone":"GMT Standard Time"}},"Get_manager_(V2)":{"runAfter":{"Get_user_profile_(V2)":["Succeeded"]},"metadata":{"operationMetadataId":"e06b0cad-a19e-4b31-8cc4-4ffc5bda3080"},"type":"OpenApiConnection","inputs":{"host":{"apiId":"/providers/Microsoft.PowerApps/apis/shared_office365users","connectionName":"shared_office365users_1","operationId":"Manager_V2"},"parameters":{"id":"@outputs('Get_user_profile_(V2)')?['body/userPrincipalName']"},"authentication":"@parameters('$authentication')"}},"Add_a_Initial_data_into_a_table":{"runAfter":{"Convert_time_zone":["Succeeded"]},"metadata":{"01XX4MX7WEKRKALFXCARA2TFEV4G54YC5F":"/General/17. Team Checks/Morning/Morning Checks Services.xlsx","operationMetadataId":"e1888f6c-c531-4f83-957f-d60743977beb","tableId":"{1E61D63D-B7BB-48BA-9662-6EF80A77ECFE}"},"type":"OpenApiConnection","inputs":{"host":{"apiId":"/providers/Microsoft.PowerApps/apis/shared_excelonlinebusiness","connectionName":"shared_excelonlinebusiness_1","operationId":"AddRowV2"},"parameters":{"source":"sites/sharedservicearvato.sharepoint.com,d7240416-51c7-479d-a4d6-ca03be005963,16e0b0f4-fe54-456d-9799-6ab6f4ab5fd0","drive":"b!FgQk18dRnUek1soDvgBZY_Sw4BZU_m1Fl5lqtvSrX9A3ptWWsB0OTbAHBW5a72wd","file":"01XX4MX7WEKRKALFXCARA2TFEV4G54YC5F","table":"{1E61D63D-B7BB-48BA-9662-6EF80A77ECFE}","dateTimeFormat":"ISO 8601","item/Date":"@body('Convert_time_zone')","item/Engineer":"@outputs('Get_user_profile_(V2)')?['body/displayName']","item/Manager":"@outputs('Get_manager_(V2)')?['body/displayName']"},"authentication":"@parameters('$authentication')"}},"Add_ticket_data_into_a_table":{"runAfter":{"Add_a_Initial_data_into_a_table":["Succeeded"]},"metadata":{"01XX4MX7WEKRKALFXCARA2TFEV4G54YC5F":"/General/17. Team Checks/Morning/Morning Checks Services.xlsx","operationMetadataId":"9f03c4e4-dba5-4231-818a-002ecb3282ff","tableId":"{125A0B1D-9781-4A95-B4D6-14B872C3E591}"},"type":"OpenApiConnection","inputs":{"host":{"apiId":"/providers/Microsoft.PowerApps/apis/shared_excelonlinebusiness","connectionName":"shared_excelonlinebusiness_1","operationId":"AddRowV2"},"parameters":{"source":"sites/sharedservicearvato.sharepoint.com,d7240416-51c7-479d-a4d6-ca03be005963,16e0b0f4-fe54-456d-9799-6ab6f4ab5fd0","drive":"b!FgQk18dRnUek1soDvgBZY_Sw4BZU_m1Fl5lqtvSrX9A3ptWWsB0OTbAHBW5a72wd","file":"01XX4MX7WEKRKALFXCARA2TFEV4G54YC5F","table":"{125A0B1D-9781-4A95-B4D6-14B872C3E591}","dateTimeFormat":"ISO 8601","item/SAP":"@outputs('Get_response_details')?['body/rfb75a06066a948cda597d98dd263ae4e']","item/Agresso":"@outputs('Get_response_details')?['body/r12ffbe5d79ea4086b52572087dd8af01']","item/WS":"@outputs('Get_response_details')?['body/rcfe256ef3c87490bb3f04e9d8dba0fe5']","item/FOSS":"@outputs('Get_response_details')?['body/radcb81768cff47d48180d7b95f205e1d']"},"authentication":"@parameters('$authentication')"}},"Add_DC_data_into_a_table":{"runAfter":{"Add_ticket_data_into_a_table":["Succeeded"]},"metadata":{"01XX4MX7WEKRKALFXCARA2TFEV4G54YC5F":"/General/17. Team Checks/Morning/Morning Checks Services.xlsx","operationMetadataId":"5f685a18-7dd8-4a45-b84e-a5cd97e32378","tableId":"{9F654DA1-A5D0-4F98-A91C-179833BC3DFE}"},"type":"OpenApiConnection","inputs":{"host":{"apiId":"/providers/Microsoft.PowerApps/apis/shared_excelonlinebusiness","connectionName":"shared_excelonlinebusiness_1","operationId":"AddRowV2"},"parameters":{"source":"sites/sharedservicearvato.sharepoint.com,d7240416-51c7-479d-a4d6-ca03be005963,16e0b0f4-fe54-456d-9799-6ab6f4ab5fd0","drive":"b!FgQk18dRnUek1soDvgBZY_Sw4BZU_m1Fl5lqtvSrX9A3ptWWsB0OTbAHBW5a72wd","file":"01XX4MX7WEKRKALFXCARA2TFEV4G54YC5F","table":"{9F654DA1-A5D0-4F98-A91C-179833BC3DFE}","item/DC03":"N/A","item/DC04":"N/A","item/SSCDC01":"@outputs('Get_response_details')?['body/r2a608b1b25d94524b083beddcd980eee']","item/SSCDC02":"@outputs('Get_response_details')?['body/r718bebe4075f4637b4434eafa182ad52']","item/M700":"@outputs('Get_response_details')?['body/r3e86db56715440649f35c197399c9ca4']","item/M701":"@outputs('Get_response_details')?['body/rfc87da3bc95044a29044ac98c306de07']","item/M100":"@outputs('Get_response_details')?['body/r766adce2ec174c6ea14cb409d2e17faa']","item/M101":"@outputs('Get_response_details')?['body/r2e569866b9be48819331bb7ab5e7d360']","item/M200":"@outputs('Get_response_details')?['body/rf25a4a7d2f954ef186df6ccaf4f387f2']","item/M201":"@outputs('Get_response_details')?['body/refcbefe0d19342aabf174a5a50aebe2d']","item/M300":"@outputs('Get_response_details')?['body/rdd38d17858004668a2e8acad2ab4456b']","item/M301":"@outputs('Get_response_details')?['body/r971decc2890341e6947625daf599d5d6']"},"authentication":"@parameters('$authentication')"}},"Add_other_services_into_a_table":{"runAfter":{"Add_DC_data_into_a_table":["Succeeded"]},"metadata":{"01XX4MX7WEKRKALFXCARA2TFEV4G54YC5F":"/General/17. Team Checks/Morning/Morning Checks Services.xlsx","operationMetadataId":"3559983b-6b05-46e1-a4e5-8258bf383ecf","tableId":"{C4DBAC7E-3F93-469E-AC09-F1C251CA9009}"},"type":"OpenApiConnection","inputs":{"host":{"apiId":"/providers/Microsoft.PowerApps/apis/shared_excelonlinebusiness","connectionName":"shared_excelonlinebusiness_1","operationId":"AddRowV2"},"parameters":{"source":"sites/sharedservicearvato.sharepoint.com,d7240416-51c7-479d-a4d6-ca03be005963,16e0b0f4-fe54-456d-9799-6ab6f4ab5fd0","drive":"b!FgQk18dRnUek1soDvgBZY_Sw4BZU_m1Fl5lqtvSrX9A3ptWWsB0OTbAHBW5a72wd","file":"01XX4MX7WEKRKALFXCARA2TFEV4G54YC5F","table":"{C4DBAC7E-3F93-469E-AC09-F1C251CA9009}","item/Storage":"@outputs('Get_response_details')?['body/rb9e4f7997c2e4a7fb8aa5601557e1324']","item/Interflex":"@outputs('Get_response_details')?['body/re1cd8e49f9254f06ba394219c4d03ec2']","item/Sophos Status":"@outputs('Get_response_details')?['body/r41059fd13aa247a5ad4ba1720ed1e07d']"},"authentication":"@parameters('$authentication')"}},"Add_CS_data_into_a_table":{"runAfter":{"Add_other_services_into_a_table":["Succeeded"]},"metadata":{"01XX4MX7WEKRKALFXCARA2TFEV4G54YC5F":"/General/17. Team Checks/Morning/Morning Checks Services.xlsx","operationMetadataId":"3ffc8508-f360-4b26-9e77-8eb64f57f85a","tableId":"{1AD96424-6F26-4771-9610-592DAAD44021}"},"type":"OpenApiConnection","inputs":{"host":{"apiId":"/providers/Microsoft.PowerApps/apis/shared_excelonlinebusiness","connectionName":"shared_excelonlinebusiness_1","operationId":"AddRowV2"},"parameters":{"source":"sites/sharedservicearvato.sharepoint.com,d7240416-51c7-479d-a4d6-ca03be005963,16e0b0f4-fe54-456d-9799-6ab6f4ab5fd0","drive":"b!FgQk18dRnUek1soDvgBZY_Sw4BZU_m1Fl5lqtvSrX9A3ptWWsB0OTbAHBW5a72wd","file":"01XX4MX7WEKRKALFXCARA2TFEV4G54YC5F","table":"{1AD96424-6F26-4771-9610-592DAAD44021}","item/AWS CS1":"@outputs('Get_response_details')?['body/raf8732a4ac1c4900a39eeb8be75cf10f']","item/AWS CS2":"@outputs('Get_response_details')?['body/r1cd366b0b8e94ded8a31cc44c64f92e2']"},"authentication":"@parameters('$authentication')"}},"Add_a_row_into_a_table":{"runAfter":{"Add_CS_data_into_a_table":["Succeeded"]},"metadata":{"01XX4MX7WEKRKALFXCARA2TFEV4G54YC5F":"/General/17. Team Checks/Morning/Morning Checks Services.xlsx","operationMetadataId":"6b7958e9-1c4b-4beb-ae62-ecdb62320aa5","tableId":"{F08E41CB-C6DC-4036-8C5B-45B043BF33DF}"},"type":"OpenApiConnection","inputs":{"host":{"apiId":"/providers/Microsoft.PowerApps/apis/shared_excelonlinebusiness","connectionName":"shared_excelonlinebusiness_1","operationId":"AddRowV2"},"parameters":{"source":"sites/sharedservicearvato.sharepoint.com,d7240416-51c7-479d-a4d6-ca03be005963,16e0b0f4-fe54-456d-9799-6ab6f4ab5fd0","drive":"b!FgQk18dRnUek1soDvgBZY_Sw4BZU_m1Fl5lqtvSrX9A3ptWWsB0OTbAHBW5a72wd","file":"01XX4MX7WEKRKALFXCARA2TFEV4G54YC5F","table":"{F08E41CB-C6DC-4036-8C5B-45B043BF33DF}","item/Comms GF":"@outputs('Get_response_details')?['body/r35e5e95340594c22b97296e78a17cf72']","item/Comms FF":"@outputs('Get_response_details')?['body/ra529196af91048588407f8daeede57bc']","item/Notes":"@outputs('Get_response_details')?['body/r6d63b0bf1b9f44eea3fb003db44a03d8']"},"authentication":"@parameters('$authentication')"}}}},"connectionReferences":{"shared_microsoftforms_1":{"connectionName":"shared-microsoftform-4adbb567-f95f-43d2-bb25-d000cd6844b0","source":"Embedded","id":"/providers/Microsoft.PowerApps/apis/shared_microsoftforms","tier":"NotSpecified"},"shared_office365users_1":{"connectionName":"shared-office365user-032134ad-d716-4737-8aec-23315d920b06","source":"Embedded","id":"/providers/Microsoft.PowerApps/apis/shared_office365users","tier":"NotSpecified"},"shared_excelonlinebusiness_1":{"connectionName":"shared-excelonlinebu-ede90663-d9ff-4c81-8d8f-53149cb029de","source":"Embedded","id":"/providers/Microsoft.PowerApps/apis/shared_excelonlinebusiness","tier":"NotSpecified"}},"flowFailureAlertSubscribed":false,"isManaged":false}}