{"name":"7cc7330a-fac8-4626-82a2-a885ce91d0d0","id":"/providers/Microsoft.Flow/flows/7cc7330a-fac8-4626-82a2-a885ce91d0d0","type":"Microsoft.Flow/flows","properties":{"apiId":"/providers/Microsoft.PowerApps/apis/shared_logicflows","displayName":"Send me an email when a Planner task is assigned","definition":{"metadata":{"workflowEntityId":null,"processAdvisorMetadata":null,"flowclientsuspensionreason":"None","flowclientsuspensiontime":null,"creator":{"id":"dc587589-4d07-4594-a939-98c484a0dbb8","type":"User","tenantId":"91956b69-c677-4a9b-ba8d-2f404b6d2c6e"},"provisioningMethod":"FromDefinition","failureAlertSubscription":true,"clientLastModifiedTime":"2022-05-13T10:50:15.0965594Z","flowclientsuspensionreasondetails":null,"flowChargedByPaygo":null,"connectionKeySavedTimeKey":"2023-11-13T19:08:05.8103154Z"},"$schema":"https://schema.management.azure.com/providers/Microsoft.Logic/schemas/2016-06-01/workflowdefinition.json#","contentVersion":"1.0.0.0","parameters":{"$connections":{"defaultValue":{},"type":"Object"},"$authentication":{"defaultValue":{},"type":"SecureObject"}},"triggers":{"When_a_task_is_assigned_to_me":{"recurrence":{"frequency":"Minute","interval":5},"splitOn":"@triggerOutputs()?['body/value']","metadata":{"operationMetadataId":"c62d71bd-881a-4804-9593-15ca76f7c038"},"type":"OpenApiConnection","inputs":{"host":{"apiId":"/providers/Microsoft.PowerApps/apis/shared_planner","connectionName":"shared_planner","operationId":"OnTaskAssignedToMe_V2"},"parameters":{},"authentication":"@parameters('$authentication')"}}},"actions":{"Send_me_an_email_notification":{"runAfter":{},"metadata":{"operationMetadataId":"e1152ac7-65a6-4bca-9883-941dcaeca8d2"},"type":"OpenApiConnection","inputs":{"host":{"apiId":"/providers/Microsoft.PowerApps/apis/shared_flowpush","connectionName":"shared_flowpush","operationId":"SendEmailNotification"},"parameters":{"NotificationEmailDefinition/notificationSubject":"\"@{triggerOutputs()?['body/title']}\" has been assigned to you","NotificationEmailDefinition/notificationBody":"A Planner task has been assigned to you \"@{triggerOutputs()?['body/title']}\"@{if(equals(triggerOutputs()?['body/dueDateTime'],null),null,concat('is due on: ',triggerOutputs()?['body/dueDateTime']))}"},"authentication":"@parameters('$authentication')"}}},"description":"Receive an email notification with the title and due date when a Planner task is assigned to me."},"connectionReferences":{"shared_flowpush":{"connectionName":"shared-flowpush-e16881d4-b57b-4a0d-8699-880f7542c80b","source":"Embedded","id":"/providers/Microsoft.PowerApps/apis/shared_flowpush","tier":"NotSpecified"},"shared_planner":{"connectionName":"shared-planner-185b6127-40bc-4228-9854-5567f17894ff","source":"Embedded","id":"/providers/Microsoft.PowerApps/apis/shared_planner","tier":"NotSpecified"}},"flowFailureAlertSubscribed":false,"isManaged":false}}