{"name":"55794201-25b7-4a12-ad4e-835ae0e4ae9a","id":"/providers/Microsoft.Flow/flows/55794201-25b7-4a12-ad4e-835ae0e4ae9a","type":"Microsoft.Flow/flows","properties":{"apiId":"/providers/Microsoft.PowerApps/apis/shared_logicflows","displayName":"Morning Check Form to Task and Approval","definition":{"metadata":{"workflowEntityId":null,"processAdvisorMetadata":null,"flowChargedByPaygo":null,"flowclientsuspensionreason":"None","flowclientsuspensiontime":null,"flowclientsuspensionreasondetails":null,"creator":{"id":"dc587589-4d07-4594-a939-98c484a0dbb8","type":"User","tenantId":"91956b69-c677-4a9b-ba8d-2f404b6d2c6e"},"provisioningMethod":"FromDefinition","failureAlertSubscription":true,"clientLastModifiedTime":"2024-01-04T08:55:06.6071927Z","connectionKeySavedTimeKey":"2024-01-04T08:55:06.6071927Z"},"$schema":"https://schema.management.azure.com/providers/Microsoft.Logic/schemas/2016-06-01/workflowdefinition.json#","contentVersion":"1.0.0.0","parameters":{"$connections":{"defaultValue":{},"type":"Object"},"$authentication":{"defaultValue":{},"type":"SecureObject"}},"triggers":{"When_a_new_response_is_submitted":{"splitOn":"@triggerOutputs()?['body/value']","metadata":{"operationMetadataId":"c04c3e05-3ec3-4825-ac81-157521dae3e9"},"type":"OpenApiConnectionWebhook","inputs":{"host":{"apiId":"/providers/Microsoft.PowerApps/apis/shared_microsoftforms","connectionName":"shared_microsoftforms_1","operationId":"CreateFormWebhook"},"parameters":{"form_id":"aWuVkXfGm0q6jS9AS20sbssKu8jvwstBoepEyHMdT_5UMUFDVkY3MEk2N1kzOTM5Q1lJTkxUN0RVTCQlQCN0PWcu"},"authentication":"@parameters('$authentication')"}}},"actions":{"Get_response_details":{"runAfter":{},"metadata":{"operationMetadataId":"ef2dbf8f-b66f-4854-8dd9-ff705ef6d957"},"type":"OpenApiConnection","inputs":{"host":{"apiId":"/providers/Microsoft.PowerApps/apis/shared_microsoftforms","connectionName":"shared_microsoftforms_1","operationId":"GetFormResponseById"},"parameters":{"form_id":"aWuVkXfGm0q6jS9AS20sbssKu8jvwstBoepEyHMdT_5UMUFDVkY3MEk2N1kzOTM5Q1lJTkxUN0RVTCQlQCN0PWcu","response_id":"@{triggerOutputs()?['body/resourceData/responseId']}"},"authentication":"@parameters('$authentication')"}},"Post_message_in_a_chat_or_channel":{"runAfter":{"Apply_to_each":["Succeeded"]},"metadata":{"operationMetadataId":"2a420c49-6463-4d66-b0d1-06b495485491"},"type":"OpenApiConnection","inputs":{"host":{"apiId":"/providers/Microsoft.PowerApps/apis/shared_teams","connectionName":"shared_teams_1","operationId":"PostMessageToConversation"},"parameters":{"poster":"Flow bot","location":"Channel","body/recipient/groupId":"c8bb0acb-c2ef-41cb-a1ea-44c8731d4ffe","body/recipient/channelId":"19:0f87bf7b5e194e358f2fe18269496bcc@thread.tacv2","body/messageBody":"<p>@{outputs('Create_a_task_2')?['body/title']} - is ready for review by @{outputs('Get_manager_(V2)')?['body/displayName']}<br>\n<br>\nReview submitted by @{outputs('Get_user_profile_(V2)')?['body/givenName']} at @{body('Convert_time_zone')}<br>\n<br>\n----------------------------------------------<br>\n<br>\n<span style=\"font-size: 10px\"><em><strong>Automated message created by the ICT Infrastructure Bot</strong></em></span><br>\n</p>"},"authentication":"@parameters('$authentication')"}},"Search_for_users_(V2)":{"runAfter":{"Get_response_details":["Succeeded"]},"metadata":{"operationMetadataId":"9874e0e5-01e9-4615-b35f-10dfa801d0a5"},"type":"OpenApiConnection","inputs":{"host":{"apiId":"/providers/Microsoft.PowerApps/apis/shared_office365users","connectionName":"shared_office365users_1","operationId":"SearchUserV2"},"parameters":{"searchTerm":"@outputs('Get_response_details')?['body/responder']","isSearchTermRequired":true},"authentication":"@parameters('$authentication')"}},"Get_user_profile_(V2)":{"runAfter":{"Search_for_users_(V2)":["Succeeded"]},"metadata":{"operationMetadataId":"a2ab6efb-3313-4364-a056-ad1868cff655"},"type":"OpenApiConnection","inputs":{"host":{"apiId":"/providers/Microsoft.PowerApps/apis/shared_office365users","connectionName":"shared_office365users_1","operationId":"UserProfile_V2"},"parameters":{"id":"@outputs('Get_response_details')?['body/responder']"},"authentication":"@parameters('$authentication')"}},"Get_manager_(V2)":{"runAfter":{"Get_user_profile_(V2)":["Succeeded"]},"metadata":{"operationMetadataId":"bfb8f997-ce66-43e6-9db9-29a9fb9b68a1"},"type":"OpenApiConnection","inputs":{"host":{"apiId":"/providers/Microsoft.PowerApps/apis/shared_office365users","connectionName":"shared_office365users_1","operationId":"Manager_V2"},"parameters":{"id":"@outputs('Get_response_details')?['body/responder']"},"authentication":"@parameters('$authentication')"}},"Convert_time_zone":{"runAfter":{"Get_manager_(V2)":["Succeeded"]},"metadata":{"operationMetadataId":"622d1a5f-5b81-4322-8a1e-ba237bfcd79b"},"type":"Expression","kind":"ConvertTimeZone","inputs":{"baseTime":"@outputs('Get_response_details')?['body/submitDate']","formatString":"g","sourceTimeZone":"UTC","destinationTimeZone":"GMT Standard Time"}},"Create_a_task_2":{"runAfter":{"Convert_time_zone":["Succeeded"]},"metadata":{"operationMetadataId":"b94c4e02-b44e-472f-af91-5d5a5d515d01"},"type":"OpenApiConnection","inputs":{"host":{"apiId":"/providers/Microsoft.PowerApps/apis/shared_planner","connectionName":"shared_planner_1","operationId":"CreateTask_V4"},"parameters":{"body/groupId":"c8bb0acb-c2ef-41cb-a1ea-44c8731d4ffe","body/planId":"sPSvET6gAE6sDXlW2G20JJgAGnjW","body/title":"Morning Checks Review - @{body('Convert_time_zone')}","body/bucketId":"gKZkb4lAdEKjJg-lMOm5AZgAMTau","body/dueDateTime":"@addDays(utcNow(),3)","body/appliedCategories/category11":true,"body/priority":4},"authentication":"@parameters('$authentication')"}},"Apply_to_each":{"foreach":"@outputs('Search_for_users_(V2)')?['body/value']","actions":{"Update_task_details":{"runAfter":{},"metadata":{"operationMetadataId":"8db506fd-a157-4542-94ea-93cc8f240cbb"},"type":"OpenApiConnection","inputs":{"host":{"apiId":"/providers/Microsoft.PowerApps/apis/shared_planner","connectionName":"shared_planner_1","operationId":"UpdateTaskDetails_V2"},"parameters":{"id":"@outputs('Create_a_task_2')?['body/id']","body/description":"\nDetails of the Check\n\nCheck submitted by - @{items('Apply_to_each')?['DisplayName']} on @{body('Convert_time_zone')}\n\nTicket Status :\nSAP - @{outputs('Get_response_details')?['body/rfb75a06066a948cda597d98dd263ae4e']}\nAgresso - @{outputs('Get_response_details')?['body/r12ffbe5d79ea4086b52572087dd8af01']}\nSupport - @{outputs('Get_response_details')?['body/rcfe256ef3c87490bb3f04e9d8dba0fe5']}\nFOSS - @{outputs('Get_response_details')?['body/radcb81768cff47d48180d7b95f205e1d']}\n\nDC Information:\nSSC DC01 - @{outputs('Get_response_details')?['body/r2a608b1b25d94524b083beddcd980eee']}\nSSC DC02 - @{outputs('Get_response_details')?['body/r718bebe4075f4637b4434eafa182ad52']}\nM700 - @{outputs('Get_response_details')?['body/r3e86db56715440649f35c197399c9ca4']}\nM701 - @{outputs('Get_response_details')?['body/rfc87da3bc95044a29044ac98c306de07']}\nM100 - @{outputs('Get_response_details')?['body/r766adce2ec174c6ea14cb409d2e17faa']}\nM101 - @{outputs('Get_response_details')?['body/r2e569866b9be48819331bb7ab5e7d360']}\nM200 - @{outputs('Get_response_details')?['body/rf25a4a7d2f954ef186df6ccaf4f387f2']}\nM201 - @{outputs('Get_response_details')?['body/refcbefe0d19342aabf174a5a50aebe2d']}\nM300 - @{outputs('Get_response_details')?['body/rdd38d17858004668a2e8acad2ab4456b']}\nM301 - @{outputs('Get_response_details')?['body/r971decc2890341e6947625daf599d5d6']}\n\nClearswift Status:\nAWS CS1 - @{outputs('Get_response_details')?['body/raf8732a4ac1c4900a39eeb8be75cf10f']}\nAWS CS2 - @{outputs('Get_response_details')?['body/r1cd366b0b8e94ded8a31cc44c64f92e2']}\n\nOther Services:\nStorage - @{outputs('Get_response_details')?['body/rb9e4f7997c2e4a7fb8aa5601557e1324']}\nSophos Status - @{outputs('Get_response_details')?['body/r41059fd13aa247a5ad4ba1720ed1e07d']}\nInterflex - @{outputs('Get_response_details')?['body/re1cd8e49f9254f06ba394219c4d03ec2']}\n\nServer Rooms:\nGround Floor - @{outputs('Get_response_details')?['body/r35e5e95340594c22b97296e78a17cf72']}\nFirst Floor - @{outputs('Get_response_details')?['body/ra529196af91048588407f8daeede57bc']}\nNotes - @{outputs('Get_response_details')?['body/r6d63b0bf1b9f44eea3fb003db44a03d8']}\n\n--------------------------------------------------------------\nDebug Notes:\n@{outputs('Create_a_task_2')?['body/bucketId']}"},"authentication":"@parameters('$authentication')"}}},"runAfter":{"Delay":["Succeeded"]},"metadata":{"operationMetadataId":"8eb0b15d-7ad4-4e91-b550-b40a97db20f7"},"type":"Foreach"},"Delay":{"runAfter":{"Create_a_task_2":["Succeeded"]},"metadata":{"operationMetadataId":"6ee8fd86-3732-45f7-a88c-8e1df83fa42a"},"type":"Wait","inputs":{"interval":{"count":5,"unit":"Second"}}},"Start_and_wait_for_an_approval":{"runAfter":{"Apply_to_each_3":["Succeeded"]},"limit":{"timeout":"P1D"},"metadata":{"operationMetadataId":"d083c31c-f15b-4634-9c7f-66cecaab9860"},"type":"OpenApiConnectionWebhook","inputs":{"host":{"apiId":"/providers/Microsoft.PowerApps/apis/shared_approvals","connectionName":"shared_approvals","operationId":"StartAndWaitForAnApproval"},"parameters":{"approvalType":"Basic","WebhookApprovalCreationInput/title":"@outputs('Create_a_task_2')?['body/title']","WebhookApprovalCreationInput/assignedTo":"dan.morgan@sharedservicesarvato.co.uk; james.buller@sharedservicesarvato.co.uk","WebhookApprovalCreationInput/details":"Please see the task link below - review and sbmit the approval or rejection.\nAdd notes if needed.","WebhookApprovalCreationInput/itemLink":"https://tasks.office.com/sharedservicearvato.onmicrosoft.com/Home/Task/@{outputs('Create_a_task_2')?['body/id']}","WebhookApprovalCreationInput/itemLinkDescription":"@outputs('Create_a_task_2')?['body/title']","WebhookApprovalCreationInput/requestor":"@{outputs('Get_user_profile_(V2)')?['body/mail']};","WebhookApprovalCreationInput/enableNotifications":true,"WebhookApprovalCreationInput/enableReassignment":true},"authentication":"@parameters('$authentication')"}},"Apply_to_each_2":{"foreach":"@outputs('Start_and_wait_for_an_approval')?['body/responses']","actions":{"Add_a_row_into_a_table":{"runAfter":{},"metadata":{"01XX4MX7WEKRKALFXCARA2TFEV4G54YC5F":"/General/17. Team Checks/Morning/Morning Checks Services.xlsx","operationMetadataId":"9bf14aaa-f7d9-4468-9d3a-935d22a9d9ec","tableId":"{8B45DC5B-3CC5-4622-85E8-997FEB0ADEC6}"},"type":"OpenApiConnection","inputs":{"host":{"apiId":"/providers/Microsoft.PowerApps/apis/shared_excelonlinebusiness","connectionName":"shared_excelonlinebusiness_1","operationId":"AddRowV2"},"parameters":{"source":"sites/sharedservicearvato.sharepoint.com,d7240416-51c7-479d-a4d6-ca03be005963,16e0b0f4-fe54-456d-9799-6ab6f4ab5fd0","drive":"b!FgQk18dRnUek1soDvgBZY_Sw4BZU_m1Fl5lqtvSrX9A3ptWWsB0OTbAHBW5a72wd","file":"01XX4MX7WEKRKALFXCARA2TFEV4G54YC5F","table":"{8B45DC5B-3CC5-4622-85E8-997FEB0ADEC6}","dateTimeFormat":"ISO 8601","item/Status":"@outputs('Start_and_wait_for_an_approval')?['body/outcome']","item/Approver":"@items('Apply_to_each_2')?['responder/displayName']","item/Date":"@body('Convert_time_zone_-_Approval')","item/Notes":"@items('Apply_to_each_2')?['comments']"},"authentication":"@parameters('$authentication')"}}},"runAfter":{"Convert_time_zone_-_Approval":["Succeeded"]},"metadata":{"operationMetadataId":"bf002b52-706c-416c-90b5-67695b865f69"},"type":"Foreach"},"Convert_time_zone_-_Approval":{"runAfter":{"Start_and_wait_for_an_approval":["Succeeded"]},"metadata":{"operationMetadataId":"ef949683-d5e6-4e6c-bf52-bb8b47357b5e"},"type":"Expression","kind":"ConvertTimeZone","inputs":{"baseTime":"@outputs('Start_and_wait_for_an_approval')?['body/completionDate']","formatString":"g","sourceTimeZone":"UTC","destinationTimeZone":"GMT Standard Time"}},"Apply_to_each_3":{"foreach":"@outputs('Search_for_users_(V2)')?['body/value']","actions":{"Send_an_email_(V2)":{"runAfter":{},"metadata":{"operationMetadataId":"77be3d89-6e38-4d27-bbcf-be8b756dba4d"},"type":"OpenApiConnection","inputs":{"host":{"apiId":"/providers/Microsoft.PowerApps/apis/shared_office365","connectionName":"shared_office365_1","operationId":"SendEmailV2"},"parameters":{"emailMessage/To":"james.buller@sharedservicesarvato.co.uk;Jacob.Cossins@sharedservicesarvato.co.uk;kevin.feathers@sharedservicesarvato.co.uk;aamir.miah@sharedservicesarvato.co.uk;liam.isaac@sharedservicesarvato.co.uk","emailMessage/Subject":"ICT Infrastructure - Morning Checks for @{formatDateTime(utcNow(),'dd/MM/yyyy')}","emailMessage/Body":"<p>Morning all,<br>\n<br>\nChecks have been completed for @{formatDateTime(utcNow(),'dd/MM/yyyy')}.<br>\n<br>\n<em><strong>Ticket Status :</strong></em><br>\nSAP - @{outputs('Get_response_details')?['body/rfb75a06066a948cda597d98dd263ae4e']}<br>\nAgresso - @{outputs('Get_response_details')?['body/r12ffbe5d79ea4086b52572087dd8af01']}<br>\nSupport - @{outputs('Get_response_details')?['body/rcfe256ef3c87490bb3f04e9d8dba0fe5']}<br>\nFOSS - @{outputs('Get_response_details')?['body/radcb81768cff47d48180d7b95f205e1d']}<br>\n<br>\n<em><strong>DC Information:</strong></em><br>\nSSC DC 01 - @{outputs('Get_response_details')?['body/r2a608b1b25d94524b083beddcd980eee']}<br>\nSSC DC 02 - @{outputs('Get_response_details')?['body/r718bebe4075f4637b4434eafa182ad52']}<br>\nM700 - @{outputs('Get_response_details')?['body/r3e86db56715440649f35c197399c9ca4']}<br>\nM701 - @{outputs('Get_response_details')?['body/rfc87da3bc95044a29044ac98c306de07']}<br>\nM100 - @{outputs('Get_response_details')?['body/r766adce2ec174c6ea14cb409d2e17faa']}<br>\nM101 - @{outputs('Get_response_details')?['body/r2e569866b9be48819331bb7ab5e7d360']}<br>\nM200 - @{outputs('Get_response_details')?['body/rf25a4a7d2f954ef186df6ccaf4f387f2']}<br>\nM201 - @{outputs('Get_response_details')?['body/refcbefe0d19342aabf174a5a50aebe2d']}<br>\nM300 - @{outputs('Get_response_details')?['body/rdd38d17858004668a2e8acad2ab4456b']}<br>\nM301 - @{outputs('Get_response_details')?['body/r971decc2890341e6947625daf599d5d6']}<br>\n<br>\n<em><strong>Clearswift Status:</strong></em><br>\nAWS CS1 - @{outputs('Get_response_details')?['body/raf8732a4ac1c4900a39eeb8be75cf10f']}<br>\nAWS CS2 - @{outputs('Get_response_details')?['body/r1cd366b0b8e94ded8a31cc44c64f92e2']}<br>\n<br>\n<em><strong>Other Services:</strong></em><br>\nStorage - @{outputs('Get_response_details')?['body/rb9e4f7997c2e4a7fb8aa5601557e1324']}<br>\nSophos Status - @{outputs('Get_response_details')?['body/r41059fd13aa247a5ad4ba1720ed1e07d']}<br>\nInterflex - @{outputs('Get_response_details')?['body/re1cd8e49f9254f06ba394219c4d03ec2']}<br>\n<br>\n<em><strong>Server Rooms:</strong></em><br>\nGround Floor - @{outputs('Get_response_details')?['body/r35e5e95340594c22b97296e78a17cf72']}<br>\nFirst Floor - @{outputs('Get_response_details')?['body/ra529196af91048588407f8daeede57bc']}<br>\nNotes - @{outputs('Get_response_details')?['body/r6d63b0bf1b9f44eea3fb003db44a03d8']}<br>\n<br>\n@{outputs('Get_user_profile_(V2)')?['body/displayName']}<br>\n@{outputs('Get_user_profile_(V2)')?['body/jobTitle']}<br>\nArvato CRM Solutions, UK &amp; Ireland<br>\n--------------------------------------------------<br>\n5 Sandringham Park<br>\nSwansea<br>\nSA7 0EA<br>\nwww.arvato.co.uk<br>\n<br>\n<br>\n*Email sent automatically based on submission of the Morning Checks<br>\nDebug Info: @{outputs('Post_message_in_a_chat_or_channel')?['body/messageLink']} / @{outputs('Post_message_in_a_chat_or_channel')?['body/id']}<br>\n</p>","emailMessage/From":"windowssupport@sharedservicesarvato.co.uk","emailMessage/Cc":"dan.morgan@sharedservicesarvato.co.uk;daniel.oxenham@sharedservicesarvato.co.uk","emailMessage/Importance":"Normal"},"authentication":"@parameters('$authentication')"}}},"runAfter":{"Post_message_in_a_chat_or_channel":["Succeeded"]},"metadata":{"operationMetadataId":"63f7fc7e-2566-4ac0-83e8-cee0620b7bca"},"type":"Foreach"}},"outputs":{},"description":"Create task in Planner when a new response is submitted from Microsoft Forms and also post message to my team in Microsoft Teams."},"connectionReferences":{"shared_microsoftforms_1":{"connectionName":"shared-microsoftform-4adbb567-f95f-43d2-bb25-d000cd6844b0","source":"Embedded","id":"/providers/Microsoft.PowerApps/apis/shared_microsoftforms","tier":"NotSpecified"},"shared_teams_1":{"connectionName":"shared-teams-d76fa6ca-670b-4da7-9c66-d30d0d686fdc","source":"Embedded","id":"/providers/Microsoft.PowerApps/apis/shared_teams","tier":"NotSpecified"},"shared_office365users_1":{"connectionName":"shared-office365user-032134ad-d716-4737-8aec-23315d920b06","source":"Embedded","id":"/providers/Microsoft.PowerApps/apis/shared_office365users","tier":"NotSpecified"},"shared_planner_1":{"connectionName":"shared-planner-e65910a4-cc30-46a0-bb55-c5a219422587","source":"Embedded","id":"/providers/Microsoft.PowerApps/apis/shared_planner","tier":"NotSpecified"},"shared_approvals":{"connectionName":"shared-approvals-dc70db5c-5a73-46f5-a8a7-7b471bc94892","source":"Embedded","id":"/providers/Microsoft.PowerApps/apis/shared_approvals","tier":"NotSpecified"},"shared_excelonlinebusiness_1":{"connectionName":"shared-excelonlinebu-ede90663-d9ff-4c81-8d8f-53149cb029de","source":"Embedded","id":"/providers/Microsoft.PowerApps/apis/shared_excelonlinebusiness","tier":"NotSpecified"},"shared_office365_1":{"connectionName":"shared-office365-a66f1a32-b1c8-4692-95d0-ef4f6a69357a","source":"Embedded","id":"/providers/Microsoft.PowerApps/apis/shared_office365","tier":"NotSpecified"}},"flowFailureAlertSubscribed":false,"isManaged":false}}