{"name":"e5936147-b69a-457b-bc12-832cc2b31205","id":"/providers/Microsoft.Flow/flows/e5936147-b69a-457b-bc12-832cc2b31205","type":"Microsoft.Flow/flows","properties":{"apiId":"/providers/Microsoft.PowerApps/apis/shared_logicflows","displayName":"Manager email task completed v1.3","definition":{"metadata":{"workflowEntityId":null,"processAdvisorMetadata":null,"flowclientsuspensionreason":"None","flowclientsuspensiontime":null,"creator":{"id":"dc587589-4d07-4594-a939-98c484a0dbb8","type":"User","tenantId":"91956b69-c677-4a9b-ba8d-2f404b6d2c6e"},"provisioningMethod":"FromDefinition","failureAlertSubscription":true,"clientLastModifiedTime":"2022-06-27T18:37:36.8543513Z","flowclientsuspensionreasondetails":null,"flowChargedByPaygo":null,"connectionKeySavedTimeKey":"2023-11-09T14:47:54.3428092Z"},"$schema":"https://schema.management.azure.com/providers/Microsoft.Logic/schemas/2016-06-01/workflowdefinition.json#","contentVersion":"1.0.0.0","parameters":{"$connections":{"defaultValue":{},"type":"Object"},"$authentication":{"defaultValue":{},"type":"SecureObject"}},"triggers":{"When_a_task_is_completed":{"recurrence":{"frequency":"Minute","interval":5},"splitOn":"@triggerOutputs()?['body/value']","metadata":{"operationMetadataId":"37e80238-71c9-4333-ac5a-4d9c423981d5"},"type":"OpenApiConnection","inputs":{"host":{"apiId":"/providers/Microsoft.PowerApps/apis/shared_planner","connectionName":"shared_planner","operationId":"OnCompleteTask_V3"},"parameters":{"groupId":"c8bb0acb-c2ef-41cb-a1ea-44c8731d4ffe","id":"sPSvET6gAE6sDXlW2G20JJgAGnjW"},"authentication":"@parameters('$authentication')"}}},"actions":{"Get_a_task":{"runAfter":{},"metadata":{"operationMetadataId":"bcfb78a5-1bf7-4370-acb6-7b551fd4d723"},"type":"OpenApiConnection","inputs":{"host":{"apiId":"/providers/Microsoft.PowerApps/apis/shared_planner","connectionName":"shared_planner","operationId":"GetTask_V2"},"parameters":{"id":"@triggerOutputs()?['body/id']"},"authentication":"@parameters('$authentication')"}},"List_buckets":{"runAfter":{"Get_user_profile_(V2)":["Succeeded"]},"metadata":{"operationMetadataId":"4d15120f-c61d-407e-8712-5885aa9dadd9"},"type":"OpenApiConnection","inputs":{"host":{"apiId":"/providers/Microsoft.PowerApps/apis/shared_planner","connectionName":"shared_planner","operationId":"ListBuckets_V3"},"parameters":{"groupId":"c8bb0acb-c2ef-41cb-a1ea-44c8731d4ffe","id":"sPSvET6gAE6sDXlW2G20JJgAGnjW"},"authentication":"@parameters('$authentication')"}},"Apply_to_each":{"foreach":"@outputs('List_buckets')?['body/value']","actions":{"Condition":{"actions":{"Send_an_email_(V2)":{"runAfter":{},"metadata":{"operationMetadataId":"78ebbf89-9117-4e64-92fa-957acdfcdeda"},"type":"OpenApiConnection","inputs":{"host":{"apiId":"/providers/Microsoft.PowerApps/apis/shared_office365","connectionName":"shared_office365","operationId":"SendEmailV2"},"parameters":{"emailMessage/To":"dan.morgan@sharedservicesarvato.co.uk","emailMessage/Subject":"ICT Team Task Completed","emailMessage/Body":"<p>Hi,<br>\n<br>\nA task has been completed in the <em><strong></strong></em><em><strong>@{items('Apply_to_each')?['name']}</strong></em><em><strong> </strong></em>stack,<br>\n<br>\nTask name is - <strong></strong><strong>@{outputs('Get_a_task')?['body/title']}</strong><strong><br>\n<br>\n</strong>Completed by<strong> - </strong><strong>@{outputs('Get_user_profile_(V2)')?['body/displayName']}</strong><strong></strong><br>\n<br>\nKind Regards,<br>\nICT Infrastructure Team Bot<br>\n<br>\nArvato CRM Solutions, UK &amp; Ireland<br>\n<br>\n5 Sandringham Park<br>\nSwansea<br>\nSA7 0EA<br>\nwww.arvato.co.uk<br>\n<br>\n<span style=\"font-size: 8px\">This message is private and confidential. If you have received this message in error, please notify us and remove it from your system.<br>\nRegistered company details: Arvato Limited, One Fleet Place, London, EC4M 7WS. Registration number: 03923307 (England &amp; Wales).<br>\n<br>\n* This is an automated system message *</span><br>\n</p>","emailMessage/From":"windowssupport@sharedservicesarvato.co.uk","emailMessage/Bcc":"james.buller@sharedservicesarvato.co.uk","emailMessage/Importance":"Normal"},"authentication":"@parameters('$authentication')"}}},"runAfter":{},"expression":{"equals":["@items('Apply_to_each')?['id']","@outputs('Get_a_task')?['body/bucketId']"]},"metadata":{"operationMetadataId":"29685988-b7cb-4ebe-8413-7cce65083a46"},"type":"If"}},"runAfter":{"List_buckets":["Succeeded"]},"metadata":{"operationMetadataId":"4b70ab20-7d7b-445d-9039-fc2bb2559ade"},"type":"Foreach"},"Get_user_profile_(V2)":{"runAfter":{"Get_a_task":["Succeeded"]},"metadata":{"operationMetadataId":"fa2f202a-8bf0-4862-b6e2-42152fc2f639"},"type":"OpenApiConnection","inputs":{"host":{"apiId":"/providers/Microsoft.PowerApps/apis/shared_office365users","connectionName":"shared_office365users","operationId":"UserProfile_V2"},"parameters":{"id":"@triggerOutputs()?['body/completedBy/user/id']"},"authentication":"@parameters('$authentication')"}}},"description":""},"connectionReferences":{"shared_planner":{"connectionName":"shared-planner-185b6127-40bc-4228-9854-5567f17894ff","source":"Embedded","id":"/providers/Microsoft.PowerApps/apis/shared_planner","tier":"NotSpecified"},"shared_office365":{"connectionName":"shared-office365-194a1267-664a-4b72-a801-fb85834f16c4","source":"Embedded","id":"/providers/Microsoft.PowerApps/apis/shared_office365","tier":"NotSpecified"},"shared_office365users":{"connectionName":"shared-office365user-4e327a5e-8906-4f4f-8883-8c65d5ac4123","source":"Embedded","id":"/providers/Microsoft.PowerApps/apis/shared_office365users","tier":"NotSpecified"}},"flowFailureAlertSubscribed":false,"isManaged":false}}